dataset,best_node.mean,best_node.sd,elite_nn.mean,elite_nn.sd,linear_discr.mean,linear_discr.sd,naive_bayes.mean,naive_bayes.sd,one_nn.mean,one_nn.sd,random_node.mean,random_node.sd,worst_node.mean,worst_node.sd,attr_to_inst,cat_to_num,freq_class.mean,freq_class.sd,inst_to_attr,nr_attr,nr_bin,nr_cat,nr_class,nr_inst,nr_num,num_to_cat,can_cor.mean,can_cor.sd,cor.mean,cor.sd,cov.mean,cov.sd,eigenvalues.mean,eigenvalues.sd,g_mean.mean,g_mean.sd,gravity,h_mean.mean,h_mean.sd,iq_range.mean,iq_range.sd,kurtosis.mean,kurtosis.sd,lh_trace,mad.mean,mad.sd,max.mean,max.sd,mean.mean,mean.sd,median.mean,median.sd,min.mean,min.sd,nr_cor_attr,nr_disc,nr_norm,nr_outliers,p_trace,range.mean,range.sd,roy_root,sd.mean,sd.sd,sd_ratio,skewness.mean,skewness.sd,sparsity.mean,sparsity.sd,t_mean.mean,t_mean.sd,var.mean,var.sd,w_lambda,leaves,leaves_branch.mean,leaves_branch.sd,leaves_corrob.mean,leaves_corrob.sd,leaves_homo.mean,leaves_homo.sd,leaves_per_class.mean,leaves_per_class.sd,nodes,nodes_per_attr,nodes_per_inst,nodes_per_level.mean,nodes_per_level.sd,nodes_repeated.mean,nodes_repeated.sd,tree_depth.mean,tree_depth.sd,tree_imbalance.mean,tree_imbalance.sd,tree_shape.mean,tree_shape.sd,var_importance.mean,var_importance.sd,attr_conc.mean,attr_conc.sd,attr_ent.mean,attr_ent.sd,class_conc.mean,class_conc.sd,class_ent,eq_num_attr,joint_ent.mean,joint_ent.sd,mut_inf.mean,mut_inf.sd,ns_ratio,ch,int,nre,pb,sc,sil,vdb,vdu,c1,c2,cls_coef,density,f1.mean,f1.sd,f1v.mean,f1v.sd,f2.mean,f2.sd,f3.mean,f3.sd,f4.mean,f4.sd,hubs.mean,hubs.sd,l1.mean,l1.sd,l2.mean,l2.sd,l3.mean,l3.sd,lsc,n1,n2.mean,n2.sd,n3.mean,n3.sd,n4.mean,n4.sd,t1,t2,t3,t4,one_itemset.mean,one_itemset.sd,two_itemset.mean,two_itemset.sd,cohesiveness.mean,cohesiveness.sd,conceptvar.mean,conceptvar.sd,impconceptvar.mean,impconceptvar.sd,wg_dist.mean,wg_dist.sd,time_seconds
wine,0.6196078431372549,0.09631995292972285,0.6418300653594772,0.06985620588887573,0.9774509803921569,0.029125941127316323,0.9777777777777779,0.028688765527462363,0.7480392156862745,0.10056596266349803,0.5330065359477124,0.06423229193918685,0.6408496732026144,0.10712498277208288,0.07303370786516854,0.0,0.3333333333333333,0.06462709335856702,13.692307692307692,13.0,0.0,0.0,3.0,178.0,13.0,,0.9231669318551429,0.03668569344876869,0.3049574843548463,0.19084648399224466,40.57076608757301,208.40387181101892,7645.500383976089,27509.28197694385,64.21452561668815,188.59022926824355,110.6106407878523,59.77978347995244,173.51459718582996,39.92980765264768,133.66988410209083,-0.06027569085816445,0.8985753178501362,13.209781131031466,25.07988967490563,82.76359275219605,148.29000001228772,462.25723586840957,69.13366291919915,205.40009624040277,63.31499998844587,185.22393744274413,28.97076923801349,77.19790027855043,0.1794871794871795,2.0,1.0,7.0,1.705820208245493,119.31923077427425,386.17714062174286,9.081183955889738,26.177785234108935,86.83457034056603,1.362469743549449,0.34428889767705356,0.4654434826626975,0.006196757204043295,0.005509299527695418,65.0711082588149,191.57112335687106,7645.500383976094,27498.76029008639,0.01934148750860801,12.0,3.75,0.7537783614444091,0.08333333333333333,0.1265510065295304,46.13333333333333,16.228668983305347,0.3333333333333333,0.16666666666666669,11.0,0.8461538461538461,0.06179775280898876,2.2,1.3038404810405297,1.375,0.7440238091428449,2.9565217391304346,1.2605287804426009,0.23891722674639074,0.17305714131305633,0.2864583333333333,0.08514832201766658,0.07692307692307693,0.12711209924718536,0.07501604127813204,0.04946623653889216,2.3173058075119184,0.008828109443088206,0.1527908582113731,0.07145183132247508,1.5668222768551812,3.1829061453642518,3.3918665456041106,0.23309370719414702,0.4922615387629892,0.23705787175437384,3.7074687438208316,206.67811644807975,424.9689253324471,1.086038443640683,-0.42011208245162934,0.0,0.20008297882830697,1.5154862521366488,1.1421612134293615e-06,0.9885547930265093,0.018697406258052607,0.3405912813376828,0.825874436615248,0.5617908022761934,0.22095728681904964,0.02727475206183233,0.016371827430133618,2.035426355208124e-05,1.7742172143283325e-05,0.1532643826761474,0.13457528632969676,0.0,0.0,0.7825694480539596,0.2963326627766487,0.0,0.0,0.0,0.0,0.00512820512820511,0.00888231183368652,0.8547531877288221,0.0898876404494382,0.3579835927600937,0.07084862431837133,0.03932584269662921,0.19491732422538577,0.0056179775280898875,0.07495316889958614,0.3202247191011236,0.07303370786516854,0.0056179775280898875,0.07692307692307693,0.2,0.016099696495401234,0.32,0.046088523393282545,65.625,6.62579277849095,0.5974110307204664,0.0443065586459663,37.76685393258427,4.804702521231343,0.9366990201959653,0.10058669492341363,3.0590660572052
heart-statlog,0.7185185185185186,0.09594745297642196,0.3407407407407407,0.18043284845871715,0.8407407407407408,0.042944511434385386,0.8407407407407407,0.0429445114343854,0.5814814814814815,0.08562242412049235,0.625925925925926,0.06403112335748118,0.5888888888888889,0.05644014543537017,0.04814814814814815,0.0,0.5,0.07856742013183865,20.76923076923077,13.0,3.0,0.0,2.0,270.0,13.0,,0.738408931749481,,0.1575256398090815,0.12068846018488578,6.945217859557211,23.638082928483534,278.3801455719428,742.7174537134165,44.998661777784555,79.17267404290226,24.13772396775049,44.258075552895335,77.85016388827115,11.200000001833988,19.459016760750945,0.06803054856617491,1.873706523168476,1.1989995675047533,7.732329232128767,14.159521623586889,82.3999999853281,162.4527008160293,46.03603988581064,80.32965555964431,45.792307693224686,79.72856516001471,25.0,43.282020901678486,0.01282051282051282,1.0,0.0,7.0,0.5452477504874096,57.39999998532809,122.40525588508964,1.1989995675047533,8.43921680322033,14.980756960076096,1.0597356387540247,0.4222307664435934,0.8637179850646637,0.23480930043688855,0.19991442921684124,45.786372269957496,79.70482722399674,278.3801455719426,737.4492574687233,0.4547522495125904,46.0,6.086956521739131,1.3470310885882286,0.021739130434782608,0.04080883718374106,681.8158730158731,561.929729436232,0.5,0.0,45.0,3.4615384615384617,0.16666666666666666,5.0,3.6742346141747673,3.4615384615384617,2.331501112137293,5.164835164835165,1.8090128447657503,0.1352309942769282,0.1257298765458822,0.10929008152173914,0.07180249555984582,0.07692307692307693,0.0682033295215855,0.03871490649503225,0.04478711443962629,1.6467194570283366,0.7676955376346029,0.08274641987316356,0.0817256493713008,0.9910760598382222,10.038572325929804,2.5390687230894944,0.7761574102782698,0.09872679377706486,0.06951440766503392,15.679559763145924,11.137445285215678,75.72778193472679,0.6869615765973234,-0.04758639996274215,0.0,0.05014659179482928,4.156427207762783,7.394145388445741e-07,0.9910760598382222,0.024390243902438935,0.44687978697513275,0.8616274266831887,0.884454234070261,0.08786212299908637,0.17185263939517711,,0.19590588033065173,,0.9851851851851852,,0.9074074074074074,,0.7198336825573352,0.3089604438650381,0.10451840617099051,,0.1444444444444445,,0.14074074074074072,,0.9673388203017833,0.34074074074074073,0.39445600261696434,0.1426206842253044,0.22592592592592592,0.41896721362315087,0.3037037037037037,0.4607102012950328,0.48518518518518516,0.04814814814814815,0.011111111111111112,0.23076923076923078,0.26,0.18156707377377537,0.3918799646954987,0.14514476481166327,63.43055555555556,5.555287064970228,0.4200693958279101,0.09911872425075136,29.078703703703702,5.090485620488736,1.4842203353408965,0.14606860820858078,3.4028453826904297
balance-scale,0.44631336405529953,0.10905797510939964,0.4465181771633384,0.05522962383502708,0.854531490015361,0.058575718381658655,0.8415770609318995,0.09569404049394797,0.7026881720430107,0.06445277676742173,0.5874295954941117,0.21693005031788065,0.6419098822324629,0.0948146695826745,0.0064,0.0,0.3333333333333333,0.2207787429381129,156.25,4.0,0.0,0.0,3.0,625.0,4.0,,0.4239273511970773,0.5638095238095232,0.0,0.0,0.0,0.0,2.003205128205128,0.0,2.6051710846973517,0.0,1.2190676701606842,2.1897810218978107,5.127900497022837e-16,2.0,0.0,-1.3054356480000002,0.0,2.0934748087709347,1.4826,0.0,5.0,0.0,3.0,0.0,3.0,0.0,1.0,0.0,0.0,2.0,0.0,0.0,0.6773099773242615,4.0,0.0,2.092836646677763,1.4153462926807447,0.0,1.3063253678127449,0.0,0.0,0.1987179487179487,0.0,3.0,0.0,2.003205128205128,0.0,0.32312157383787005,161.0,8.111801242236025,1.4534174762429573,0.006211180124223602,0.014286641460595365,7467.009523809523,5244.848072517293,0.3333333333333333,0.025859204962312192,160.0,40.0,0.256,16.0,11.944315244779277,40.0,2.8284271247461903,7.140186915887851,1.964283893675573,0.1250145716296406,0.07488376985306455,0.04068808229813665,0.03823166482879946,0.25,0.03075051796053642,-6.250002346150688e-08,0.0,2.3219280948873626,0.0,0.0437559133543309,0.0,1.318116246441582,9.73829735250785,3.5046904700382786,0.0,0.13535387129066612,0.0,16.15450081144063,63.395442099716654,3.9391386141034794,0.9136485598712407,-0.2788121621727687,0.0,0.08883079139216242,4.218747293065079,1.5070408950617283e-06,0.8316387585459218,0.16400460537082706,0.47361343538285916,0.8839589743589744,0.8306725056689338,1.4332917616497527e-16,0.22925287129025476,0.10604409446870698,1.0,0.0,1.0,0.0,1.0,0.0,0.7606490556845231,0.2832918866969512,0.06558262109008332,0.04493285458076737,0.06763792724475219,0.016477706124868742,0.11282146389713155,0.048933433423527246,0.96865792,0.3168,0.3795619058872111,0.14501290191709684,0.216,0.41184388379018655,0.4,0.4902903378454601,0.3376,0.0064,0.0064,1.0,0.20000000000000004,2.8476619731297836e-17,0.32,0.0,241.808,24.13086849043283,0.4742990649659667,0.14815395642634185,129.2264,32.756332315000854,0.7709907678719828,0.046239865143833984,4.468111276626587
hayes-roth,0.4375,0.05103103630798288,0.4625,0.09860132971832694,0.55625,0.09969571761671166,0.7,0.15252504348102605,0.75,0.09771699499632146,0.4875,0.07095577652469333,0.3375,0.06038073644245599,0.025,0.0,0.3333333333333333,0.12092309884109542,40.0,4.0,0.0,0.0,3.0,160.0,4.0,,0.38677474473674905,0.4822631979957122,0.03178967019476423,0.020363566493910412,0.02557651991614258,0.015269770206237076,0.8345911949685534,0.1076850049098088,1.7318971920289425,0.06340823486058811,1.8807450657524227,1.551335628695727,0.05262866043927805,2.0,0.0,-0.7845161210959383,0.47624615686677296,1.1282786465776837,1.4826,0.0,3.75,0.5,1.9375,0.07500000000000007,2.0,0.0,1.0,0.0,0.0,2.0,0.0,0.0,0.5317671984734063,2.75,0.5,1.1261799839522249,0.9124890720951268,0.05105406644631037,1.1094542356711175,0.563313552347617,0.15307869453783293,0.2662473794549266,0.0419287211740042,1.7942708333333335,0.05729166666666674,0.8345911949685536,0.09056603773584912,0.46934207831288643,25.0,7.56,2.5508168626278653,0.04,0.03197085261088085,1154.1968253968255,922.5932613794242,0.3333333333333333,0.24440403706431146,24.0,6.0,0.15,2.4,1.429840705968481,6.0,1.632993161855452,6.73469387755102,2.6439830291632735,0.08896948028320784,0.11979540816679059,0.088046875,0.14556888399583537,0.25,0.1749583530098577,0.03606470903270312,0.03061526247163292,1.7374254111348286,0.12976730476468012,0.07713122140287906,0.04818810643310544,1.5154656357070957,7.288488955279127,3.044965145464324,0.006570812309562931,0.20792590137760014,0.13438287915441416,7.3559835480987426,13.00522883665936,2.7687883134378035,1.0504407326258585,-0.24194061450221757,0.0,0.011266478424201882,5.131464245164556,0.0,0.9561523600826898,0.05730769230769217,0.6941840139837915,0.9217767295597484,0.8648238582110296,0.08560438763822707,0.3131168596831313,0.29564958015123144,0.5308641975308642,0.40628352276307,0.9092470760233918,0.07859756915150816,0.3333333333333333,0.5773502691896258,0.806005429481546,0.25350489777795304,0.11780965862282873,0.08188247155347189,0.22854787161702705,0.1793264766208504,0.17143682850537192,0.10770780412876503,0.9856640625,0.70625,,,0.25,0.4343722427630694,0.45625,0.4996461011707129,0.275,0.025,0.025,1.0,0.26666666666666666,0.12572705224678846,0.39285714285714285,0.0968204172753709,63.828125,7.3935414776520325,0.5989424263923233,0.1008047428268796,39.39375,3.9778820492171802,0.7233660099081324,0.09999880701652937,1.5044474601745605
analcatdata_bankruptcy,0.8200000000000001,0.1751190071541826,0.76,0.12649110640673517,0.8800000000000001,0.16865480854231357,0.8400000000000001,0.1577621275493231,0.8600000000000001,0.1646545204697129,0.72,0.214993539954628,0.62,0.17511900715418263,0.1,0.0,0.5,0.0,10.0,5.0,0.0,0.0,2.0,50.0,5.0,,0.7285401645549934,,0.15538167778142153,0.16185582739090343,297.7241006395099,466.9594083848009,2195.550982490451,3542.930030705055,,,112.6009374593384,,,31.995250099897383,26.665261822517113,7.094501195671055,8.608474432969604,1.1311545380906716,24.172606861923335,20.60983210009569,64.035599899292,40.022498818289854,-2.5883520565852525,33.326484174421466,-0.13890000581741332,25.730375302307582,-131.79440060779453,177.99215243278027,0.1,1.0,0.0,5.0,0.5307707713698169,195.8300005070865,173.57168565347914,1.1311545380906716,37.44842506567879,31.487426907233367,1.550873678503949,0.0658019945764277,2.72941259344159,0.0006768013327780102,0.0002376277928923571,1.5179333291451131,24.613558655614966,2195.5509824904507,3335.854478406967,0.4692292286301831,6.0,2.8333333333333335,0.983192080250175,0.16666666666666666,0.17693690024035874,16.666666666666668,5.8878405775518985,0.5,0.23570226039551584,5.0,1.0,0.1,1.25,0.5,1.25,0.5,2.1818181818181817,1.2504544628399563,0.2250678929757294,0.1912918265893657,0.3958333333333333,0.12289901003127188,0.2,0.26258510639573635,0.12249086309487398,0.07601031468859577,1.584381457724494,0.0,0.15150057020771635,0.12738220592253474,1.0,3.873540925980746,2.326219734611472,0.2323184465069878,0.25816172311302193,0.2323184465069878,5.1371664188608595,20.04988006105328,137.15301235119995,0.6931471805599453,-0.21847865623179988,0.0,0.24293750679685588,1.2069055800334378,7.454101975138064e-05,1.0,0.0,0.42513089005235605,0.8220408163265306,0.8291353860668391,0.17400333333769416,0.18713858534610775,,0.0009830275918167235,,0.38,,0.0,,0.7201132398415989,0.34906225355399145,0.03996398775156085,,0.07999999999999996,,0.0,,0.8664000000000001,0.22,0.36720040294615797,0.11881232502071763,0.14,0.3505098327538656,0.02,0.14142135623730948,0.4,0.1,0.06,0.6,0.3333333333333333,0.00975900072948534,0.4444444444444444,0.11080006399940462,23.45,1.6819874056166597,0.4815844244809848,0.04266615186535789,11.8,1.2005525938551151,0.4874048927432736,0.18360897358658382,1.2337722778320312
analcatdata_japansolvent,0.7033333333333334,0.2145624315602269,0.5466666666666666,0.2195393606262839,0.8899999999999999,0.15559523303498046,0.7733333333333332,0.17270541535755954,0.7966666666666666,0.17245503976613946,0.76,0.1776388345929897,0.7566666666666666,0.2000308618164016,0.15384615384615385,0.0,0.5,0.02719641466102108,6.5,8.0,0.0,0.0,2.0,52.0,8.0,,0.778424843065699,,0.43374401412130487,0.275014475074878,0.06721220377818042,0.053794565734215496,0.32802592573225603,0.4034507745358213,,,1.0940880790314074,,,0.29507500189356506,0.25059143582986604,7.594165616369247,5.004761408337612,1.5377183379669304,0.20485825592777981,0.15754442626828852,1.0851125195622444,1.4091298600018727,0.14231803114727465,0.5206838005925145,0.19373125383572187,0.3840040325595677,-1.6418625302612782,1.6212434392142656,0.39285714285714285,1.0,0.0,8.0,0.6059452363018581,2.7269750498235226,1.7380994278493072,1.5377183379669304,0.4923599989103718,0.3127893991722768,2.113654290074187,-1.7883168026333236,1.881584596309198,0.0011402447225587497,0.0010504640114462052,0.19423711155286583,0.42326269833695196,0.328025925732256,0.3229685095489308,0.39405476369814185,10.0,4.2,1.9321835661585918,0.1,0.13162115659190357,69.63809523809525,65.30776490753946,0.5,0.0,9.0,1.125,0.17307692307692307,1.2857142857142858,0.48795003647426666,1.5,0.5477225575051661,3.473684210526316,2.064741604835056,0.12734364629224598,0.15252063772150154,0.2734375,0.17508058660387096,0.125,0.15891641147594873,0.22494920830200124,0.17879046567496792,1.5842281641717766,0.0005773351686088272,0.16692860977401125,0.0671052496789194,0.9989326546260582,3.6483863739268836,2.309359594847184,0.12068578440750756,0.273801223950651,0.12067234279217666,4.786052163365466,6.567561120813599,2.0784392282560855,0.6924073531233138,-0.14512936480307057,0.0,0.16474115433148737,2.2028236864614157,3.90586510807917e-05,0.9989326546260582,0.002954209748892267,0.4350132625994695,0.8340874811463047,0.8258001751054567,0.10895668698272258,0.1443864564437781,,0.00012259070218018032,,0.5576923076923077,,0.0,,0.7016238279267044,0.3239037258171065,0.07194602873682276,,0.11538461538461542,,0.05769230769230771,,0.8661242603550297,0.36538461538461536,0.40094264905311694,0.1226293860470228,0.23076923076923078,0.4254356298115171,0.25,0.4372373160976031,0.40384615384615385,0.15384615384615385,0.07692307692307693,0.5,0.3333333333333333,0.01085884043410153,0.4444444444444444,0.14998059356893173,23.48076923076923,2.91961174302596,0.48387458631594166,0.06490429138388905,11.846153846153847,1.7300358761395715,0.5194580870941456,0.2724774576963739,1.702218770980835
ionosphere,0.8204761904761906,0.06475139970820964,0.7726190476190475,0.09539174114227975,0.8576984126984127,0.06117240793089225,0.8803174603174604,0.05686883149818322,0.8461904761904762,0.04687514172314173,0.7004761904761906,0.08625490882872788,0.7177777777777778,0.08613067585509375,0.09686609686609686,0.0,0.5,0.19944037418082114,10.323529411764707,34.0,1.0,0.0,2.0,351.0,34.0,,0.7873960184628696,,,,0.06388193660694783,0.060593029577614546,0.27252966553314917,0.5197015859638231,,,1.3938808290743252,,,0.601891324554077,0.2679445488699966,,,1.6315269393324259,0.3887721691897796,0.19159808179616938,0.9705882352941176,0.17149858514250882,0.24769699766026806,0.24784236493694056,0.3210052939350991,0.3379137089364695,-0.9411764705882353,0.23883257361061289,0.0926916221033868,1.0,1.0,20.0,0.6199924898911796,1.911764705882353,0.3788057036804224,1.6315269393324259,0.5104205012124762,0.11119456523606364,,,,0.04511218394896291,0.1890503478331077,0.3006294815304751,0.3079774821308636,0.27252966553314906,0.08203703160426765,0.3800075101088204,22.0,5.521739130434782,1.7286243931201823,0.04347826086956521,0.09516467184153703,229.08571428571432,145.98877352544903,0.5,0.215206411665471,21.0,0.6470588235294118,0.06267806267806268,3.142857142857143,1.3451854182690985,1.375,0.6191391873668903,4.666666666666667,2.0113315354397807,0.12174447537121658,0.09828140804560678,0.15896739130434784,0.12855838685796325,0.029411764705882353,0.08446061268863217,0.1322154481807881,0.12856556273458283,2.504028746384419,0.6508889657833035,0.06790793627186943,0.11168196240248211,0.9418285354475157,5.884495667623663,3.2858047321071675,0.6203380607936908,0.16005254972476757,0.09179802439451495,14.645041273571977,17.746060148893193,4.4686289396218095,0.652825793916348,-0.2738972657695535,0.0,0.15487902523304678,4.086444914236704,1.6888932125493506e-06,0.9418285354475157,0.14738124238733263,0.3303166469668477,0.8431257631257632,,,0.12438553668050312,,,,0.8091168091168092,,0.0,,0.7206729205117958,0.3132870545105425,0.055388767180980736,,0.056980056980056926,,0.07407407407407407,,0.9101224827720554,0.1737891737891738,0.3228969475739632,0.14812706679612214,0.09116809116809117,0.2882589167626963,0.3190883190883191,0.46678875081961635,0.3162393162393162,0.09686609686609686,0.06837606837606838,0.7058823529411765,0.16113744075829384,0.09217788210599312,0.2707551105548603,0.09829121558310641,73.24821937321937,24.07008361829551,0.4259569699122188,0.19384162723856166,26.59027777777778,11.969235894028689,1.7961220963993563,0.533956298157331,6.998229503631592
pwLinear,,,,,,,,,,,,,,,,,,,,,,,,,,,,,,,,,,,,,,,,,,,,,,,,,,,,,,,,,,,,,,,,,,,,,,,,,,,,,,,,,,,,,,,,,,,,,,,,,,,,,,,,,,,,,,,,,,,,,,,,,,,,,,,,,,,,,,,,,,,,,,,,,,,,,,,,,,,,,,,,,,,,,,0.10450458526611328
baskball,,,,,,,,,,,,,,,,,,,,,,,,,,,,,,,,,,,,,,,,,,,,,,,,,,,,,,,,,,,,,,,,,,,,,,,,,,,,,,,,,,,,,,,,,,,,,,,,,,,,,,,,,,,,,,,,,,,,,,,,,,,,,,,,,,,,,,,,,,,,,,,,,,,,,,,,,,,,,,,,,,,,,,0.08777093887329102
diabetes,0.7175495557074505,0.04223791061255697,0.6368933697881066,0.06574655184260635,0.7734962406015038,0.036540402856012844,0.7564935064935066,0.034824118651366746,0.6796650717703349,0.05890507604429617,0.6510594668489406,0.003602503600100705,0.6615345181134655,0.03953212623366348,0.010416666666666666,0.0,0.5,0.21360517348343622,96.0,8.0,0.0,0.0,2.0,768.0,8.0,,0.5506842073823692,,0.17165678976004028,0.13243386526353954,109.35023510419823,266.0928738393966,1893.059471642301,4682.592252033119,3.980700188010989,11.105207416290217,45.243108428798124,3.7861697974024326,10.582698321250557,31.272812402341515,41.0902333331847,2.734561279956747,2.913385889618344,0.43524139774815934,15.616874508969111,15.08646694443357,179.18999981880188,276.3248135063151,44.98579118022947,41.63527666466032,38.35906250029802,38.60985690031131,2.6347500002011657,7.4207318034560705,0.03571428571428571,1.0,0.0,8.0,0.30325309626034824,176.5552498186007,277.49513376724514,0.43524139774815934,25.733742972253445,37.50556445238188,1.0325939957010324,0.527180559511209,1.3216032473863044,0.015922964296627953,0.018549250712783114,40.20920779352436,38.84354586750075,1893.0594716423038,4613.544969617732,0.6967469037396518,129.0,8.4251968503937,2.0335272547627725,0.007751937984496123,0.017464625364390727,9925.47132867133,13127.115480779408,0.5,0.005567769930602726,129.0,15.75,0.16536458333333334,9.615384615384615,7.599763828989047,15.625,9.709163565563058,7.5058823529411764,2.43315450644763,0.07806512217879699,0.0920677014501287,0.04429817199707031,0.05794035125030736,0.125,0.10049856257968073,0.028840438796475666,0.03211053699372291,2.958105757854844,0.34168940624694744,0.01248981695807782,0.008523298017724572,0.9331343166407832,12.954877983803843,3.8192105024836493,0.3357632924270967,0.07202957201197768,0.05160877219809383,40.06793467220582,24.29910805881305,145.32696279853494,0.6467994206632901,-0.09046136043302166,0.0,0.10426011351014297,4.427473994472861,3.6778242405658813e-08,0.9331343166407832,0.16724669384508295,0.47622638917660254,0.8690311277705345,0.9416866188790008,0.07013607471470878,0.3435590776326369,,0.2515956432999114,,0.9934895833333334,,0.9778645833333334,,0.7417449325142741,0.26387043843491614,0.14735984819529124,,0.2265625,,0.18619791666666663,,0.9893815782335069,0.4361979166666667,0.4541916066778628,0.09824326867801396,0.3020833333333333,0.4594604094843525,0.3567708333333333,0.47935853441841847,0.6875,0.010416666666666666,0.0026041666666666665,0.25,0.11940298507462686,0.056051036078454505,0.21071428571428572,0.06311678933261766,374.9505208333333,17.268788108988737,0.4443778467359681,0.1529369293701661,169.6875,54.74741395784561,0.5780190670557304,0.11967698521391705,7.29557466506958
machine_cpu,,,,,,,,,,,,,,,,,,,,,,,,,,,,,,,,,,,,,,,,,,,,,,,,,,,,,,,,,,,,,,,,,,,,,,,,,,,,,,,,,,,,,,,,,,,,,,,,,,,,,,,,,,,,,,,,,,,,,,,,,,,,,,,,,,,,,,,,,,,,,,,,,,,,,,,,,,,,,,,,,,,,,,0.07730388641357422
pm10,,,,,,,,,,,,,,,,,,,,,,,,,,,,,,,,,,,,,,,,,,,,,,,,,,,,,,,,,,,,,,,,,,,,,,,,,,,,,,,,,,,,,,,,,,,,,,,,,,,,,,,,,,,,,,,,,,,,,,,,,,,,,,,,,,,,,,,,,,,,,,,,,,,,,,,,,,,,,,,,,,,,,,0.083038330078125
sleuth_ex2015,0.6499999999999999,0.18341748910243533,0.55,0.17655831757856338,0.7,0.1892154040658489,0.7166666666666667,0.27273194908074616,0.4333333333333334,0.1791612832955233,0.6833333333333333,0.22838671990104964,0.6666666666666667,0.20786985482077452,0.11666666666666667,0.0,0.5,0.0,8.571428571428571,7.0,0.0,0.0,2.0,60.0,7.0,,0.626843158974537,,0.6086393831148637,0.1523938471919586,153.1298848321185,47.07794050663566,251.81083131000983,426.2363899581887,63.51291731598542,4.992320706711731,32.30280943935568,60.32081356438871,4.703885438876859,20.442856788635254,2.7625365144508867,0.2702054617280151,0.6429876278214176,0.6472628599692607,14.751870323181151,2.5832290400409654,94.48571341378349,6.0184251138585205,65.87499980018252,5.213805006847368,67.58571325029645,5.392024566997271,20.05714307512556,3.331594994085165,0.8095238095238095,1.0,4.0,6.0,0.39293234595317666,74.42857033865792,6.8351344547183475,0.6472628599692607,15.791524969255878,1.6867124427736513,,-0.6506956250411337,0.22446669068283903,0.002479540529275611,0.003918386114923209,67.4019837455144,5.539194529733464,251.8108313100097,52.541210886265475,0.6070676540468234,15.0,4.8,1.65615734242165,0.06666666666666668,0.06546536707079771,118.97142857142856,81.57743642767151,0.5,0.04714045207910316,14.0,2.0,0.23333333333333334,2.0,0.816496580927726,2.3333333333333335,1.2110601416389968,4.0,1.889822365046136,0.13307448978907063,0.128632303412656,0.20729166666666668,0.15128456966705245,0.14285714285714288,0.1398907469277876,0.16108306428150815,0.0888490942613281,1.5841025324383577,0.0018015533792240977,0.07493235441106995,0.040180486378960024,1.0,8.81667668416808,2.47068111121332,0.06331743722267401,0.11342142122503811,0.0630932285135389,12.966519863080878,10.275759505032626,57.0210967080495,0.6931471805599453,-0.13754878865251016,0.0,0.10761004513858631,2.1385360075498645,9.256538981341812e-05,1.0,0.0,0.4848300970873787,0.8774011299435028,0.8541943008383085,0.08118472002423868,0.28548999456099255,,0.039977531070518234,,0.85,,0.4,,0.7599725936570556,0.30600792641462465,0.12312262007378849,,0.21666666666666667,,0.33333333333333337,,0.9608333333333333,0.6,0.502530380843887,0.07021762645967405,0.45,0.501692052213544,0.13333333333333333,0.34280333180088157,0.9166666666666666,0.11666666666666667,0.08333333333333333,0.7142857142857143,0.3333333333333333,0.01178511301977579,0.4444444444444444,0.12662653339569424,26.970833333333335,2.7253679842761627,0.48311034227794464,0.055208535282796976,13.466666666666667,1.7183682806728593,0.6344710751434725,0.13692754836774584,1.5345308780670166
wisconsin,,,,,,,,,,,,,,,,,,,,,,,,,,,,,,,,,,,,,,,,,,,,,,,,,,,,,,,,,,,,,,,,,,,,,,,,,,,,,,,,,,,,,,,,,,,,,,,,,,,,,,,,,,,,,,,,,,,,,,,,,,,,,,,,,,,,,,,,,,,,,,,,,,,,,,,,,,,,,,,,,,,,,,0.1329336166381836
sleuth_ex1605,,,,,,,,,,,,,,,,,,,,,,,,,,,,,,,,,,,,,,,,,,,,,,,,,,,,,,,,,,,,,,,,,,,,,,,,,,,,,,,,,,,,,,,,,,,,,,,,,,,,,,,,,,,,,,,,,,,,,,,,,,,,,,,,,,,,,,,,,,,,,,,,,,,,,,,,,,,,,,,,,,,,,,0.09236669540405273
autoPrice,,,,,,,,,,,,,,,,,,,,,,,,,,,,,,,,,,,,,,,,,,,,,,,,,,,,,,,,,,,,,,,,,,,,,,,,,,,,,,,,,,,,,,,,,,,,,,,,,,,,,,,,,,,,,,,,,,,,,,,,,,,,,,,,,,,,,,,,,,,,,,,,,,,,,,,,,,,,,,,,,,,,,,0.10715770721435547
analcatdata_election2000,,,,,,,,,,,,,,,,,,,,,,,,,,,,,,,,,,,,,,,,,,,,,,,,,,,,,,,,,,,,,,,,,,,,,,,,,,,,,,,,,,,,,,,,,,,,,,,,,,,,,,,,,,,,,,,,,,,,,,,,,,,,,,,,,,,,,,,,,,,,,,,,,,,,,,,,,,,,,,,,,,,,,,0.10047769546508789
analcatdata_olympic2000,,,,,,,,,,,,,,,,,,,,,,,,,,,,,,,,,,,,,,,,,,,,,,,,,,,,,,,,,,,,,,,,,,,,,,,,,,,,,,,,,,,,,,,,,,,,,,,,,,,,,,,,,,,,,,,,,,,,,,,,,,,,,,,,,,,,,,,,,,,,,,,,,,,,,,,,,,,,,,,,,,,,,,0.08679723739624023
strikes,,,,,,,,,,,,,,,,,,,,,,,,,,,,,,,,,,,,,,,,,,,,,,,,,,,,,,,,,,,,,,,,,,,,,,,,,,,,,,,,,,,,,,,,,,,,,,,,,,,,,,,,,,,,,,,,,,,,,,,,,,,,,,,,,,,,,,,,,,,,,,,,,,,,,,,,,,,,,,,,,,,,,,0.07288837432861328
sleuth_ex1714,,,,,,,,,,,,,,,,,,,,,,,,,,,,,,,,,,,,,,,,,,,,,,,,,,,,,,,,,,,,,,,,,,,,,,,,,,,,,,,,,,,,,,,,,,,,,,,,,,,,,,,,,,,,,,,,,,,,,,,,,,,,,,,,,,,,,,,,,,,,,,,,,,,,,,,,,,,,,,,,,,,,,,0.07385873794555664
bodyfat,,,,,,,,,,,,,,,,,,,,,,,,,,,,,,,,,,,,,,,,,,,,,,,,,,,,,,,,,,,,,,,,,,,,,,,,,,,,,,,,,,,,,,,,,,,,,,,,,,,,,,,,,,,,,,,,,,,,,,,,,,,,,,,,,,,,,,,,,,,,,,,,,,,,,,,,,,,,,,,,,,,,,,0.08131814002990723
rabe_265,,,,,,,,,,,,,,,,,,,,,,,,,,,,,,,,,,,,,,,,,,,,,,,,,,,,,,,,,,,,,,,,,,,,,,,,,,,,,,,,,,,,,,,,,,,,,,,,,,,,,,,,,,,,,,,,,,,,,,,,,,,,,,,,,,,,,,,,,,,,,,,,,,,,,,,,,,,,,,,,,,,,,,0.09683680534362793
witmer_census_1980,,,,,,,,,,,,,,,,,,,,,,,,,,,,,,,,,,,,,,,,,,,,,,,,,,,,,,,,,,,,,,,,,,,,,,,,,,,,,,,,,,,,,,,,,,,,,,,,,,,,,,,,,,,,,,,,,,,,,,,,,,,,,,,,,,,,,,,,,,,,,,,,,,,,,,,,,,,,,,,,,,,,,,0.07293200492858887
pyrim,,,,,,,,,,,,,,,,,,,,,,,,,,,,,,,,,,,,,,,,,,,,,,,,,,,,,,,,,,,,,,,,,,,,,,,,,,,,,,,,,,,,,,,,,,,,,,,,,,,,,,,,,,,,,,,,,,,,,,,,,,,,,,,,,,,,,,,,,,,,,,,,,,,,,,,,,,,,,,,,,,,,,,0.0844578742980957
triazines,,,,,,,,,,,,,,,,,,,,,,,,,,,,,,,,,,,,,,,,,,,,,,,,,,,,,,,,,,,,,,,,,,,,,,,,,,,,,,,,,,,,,,,,,,,,,,,,,,,,,,,,,,,,,,,,,,,,,,,,,,,,,,,,,,,,,,,,,,,,,,,,,,,,,,,,,,,,,,,,,,,,,,0.11797666549682617
chscase_vine1,,,,,,,,,,,,,,,,,,,,,,,,,,,,,,,,,,,,,,,,,,,,,,,,,,,,,,,,,,,,,,,,,,,,,,,,,,,,,,,,,,,,,,,,,,,,,,,,,,,,,,,,,,,,,,,,,,,,,,,,,,,,,,,,,,,,,,,,,,,,,,,,,,,,,,,,,,,,,,,,,,,,,,0.08681654930114746
chatfield_4,,,,,,,,,,,,,,,,,,,,,,,,,,,,,,,,,,,,,,,,,,,,,,,,,,,,,,,,,,,,,,,,,,,,,,,,,,,,,,,,,,,,,,,,,,,,,,,,,,,,,,,,,,,,,,,,,,,,,,,,,,,,,,,,,,,,,,,,,,,,,,,,,,,,,,,,,,,,,,,,,,,,,,0.06970381736755371
diggle_table_a1,,,,,,,,,,,,,,,,,,,,,,,,,,,,,,,,,,,,,,,,,,,,,,,,,,,,,,,,,,,,,,,,,,,,,,,,,,,,,,,,,,,,,,,,,,,,,,,,,,,,,,,,,,,,,,,,,,,,,,,,,,,,,,,,,,,,,,,,,,,,,,,,,,,,,,,,,,,,,,,,,,,,,,0.0717015266418457
stock,,,,,,,,,,,,,,,,,,,,,,,,,,,,,,,,,,,,,,,,,,,,,,,,,,,,,,,,,,,,,,,,,,,,,,,,,,,,,,,,,,,,,,,,,,,,,,,,,,,,,,,,,,,,,,,,,,,,,,,,,,,,,,,,,,,,,,,,,,,,,,,,,,,,,,,,,,,,,,,,,,,,,,0.08598160743713379
bolts,,,,,,,,,,,,,,,,,,,,,,,,,,,,,,,,,,,,,,,,,,,,,,,,,,,,,,,,,,,,,,,,,,,,,,,,,,,,,,,,,,,,,,,,,,,,,,,,,,,,,,,,,,,,,,,,,,,,,,,,,,,,,,,,,,,,,,,,,,,,,,,,,,,,,,,,,,,,,,,,,,,,,,0.07144451141357422
analcatdata_gviolence,,,,,,,,,,,,,,,,,,,,,,,,,,,,,,,,,,,,,,,,,,,,,,,,,,,,,,,,,,,,,,,,,,,,,,,,,,,,,,,,,,,,,,,,,,,,,,,,,,,,,,,,,,,,,,,,,,,,,,,,,,,,,,,,,,,,,,,,,,,,,,,,,,,,,,,,,,,,,,,,,,,,,,0.07144832611083984
rabe_131,,,,,,,,,,,,,,,,,,,,,,,,,,,,,,,,,,,,,,,,,,,,,,,,,,,,,,,,,,,,,,,,,,,,,,,,,,,,,,,,,,,,,,,,,,,,,,,,,,,,,,,,,,,,,,,,,,,,,,,,,,,,,,,,,,,,,,,,,,,,,,,,,,,,,,,,,,,,,,,,,,,,,,0.07126188278198242
mu284,,,,,,,,,,,,,,,,,,,,,,,,,,,,,,,,,,,,,,,,,,,,,,,,,,,,,,,,,,,,,,,,,,,,,,,,,,,,,,,,,,,,,,,,,,,,,,,,,,,,,,,,,,,,,,,,,,,,,,,,,,,,,,,,,,,,,,,,,,,,,,,,,,,,,,,,,,,,,,,,,,,,,,0.0699455738067627
pollution,,,,,,,,,,,,,,,,,,,,,,,,,,,,,,,,,,,,,,,,,,,,,,,,,,,,,,,,,,,,,,,,,,,,,,,,,,,,,,,,,,,,,,,,,,,,,,,,,,,,,,,,,,,,,,,,,,,,,,,,,,,,,,,,,,,,,,,,,,,,,,,,,,,,,,,,,,,,,,,,,,,,,,0.09021115303039551
no2,,,,,,,,,,,,,,,,,,,,,,,,,,,,,,,,,,,,,,,,,,,,,,,,,,,,,,,,,,,,,,,,,,,,,,,,,,,,,,,,,,,,,,,,,,,,,,,,,,,,,,,,,,,,,,,,,,,,,,,,,,,,,,,,,,,,,,,,,,,,,,,,,,,,,,,,,,,,,,,,,,,,,,0.08320045471191406
sleuth_case1201,,,,,,,,,,,,,,,,,,,,,,,,,,,,,,,,,,,,,,,,,,,,,,,,,,,,,,,,,,,,,,,,,,,,,,,,,,,,,,,,,,,,,,,,,,,,,,,,,,,,,,,,,,,,,,,,,,,,,,,,,,,,,,,,,,,,,,,,,,,,,,,,,,,,,,,,,,,,,,,,,,,,,,0.07228636741638184
visualizing_hamster,,,,,,,,,,,,,,,,,,,,,,,,,,,,,,,,,,,,,,,,,,,,,,,,,,,,,,,,,,,,,,,,,,,,,,,,,,,,,,,,,,,,,,,,,,,,,,,,,,,,,,,,,,,,,,,,,,,,,,,,,,,,,,,,,,,,,,,,,,,,,,,,,,,,,,,,,,,,,,,,,,,,,,0.08150124549865723
rabe_148,,,,,,,,,,,,,,,,,,,,,,,,,,,,,,,,,,,,,,,,,,,,,,,,,,,,,,,,,,,,,,,,,,,,,,,,,,,,,,,,,,,,,,,,,,,,,,,,,,,,,,,,,,,,,,,,,,,,,,,,,,,,,,,,,,,,,,,,,,,,,,,,,,,,,,,,,,,,,,,,,,,,,,0.07965230941772461
chscase_census6,,,,,,,,,,,,,,,,,,,,,,,,,,,,,,,,,,,,,,,,,,,,,,,,,,,,,,,,,,,,,,,,,,,,,,,,,,,,,,,,,,,,,,,,,,,,,,,,,,,,,,,,,,,,,,,,,,,,,,,,,,,,,,,,,,,,,,,,,,,,,,,,,,,,,,,,,,,,,,,,,,,,,,0.09330320358276367
chscase_census5,,,,,,,,,,,,,,,,,,,,,,,,,,,,,,,,,,,,,,,,,,,,,,,,,,,,,,,,,,,,,,,,,,,,,,,,,,,,,,,,,,,,,,,,,,,,,,,,,,,,,,,,,,,,,,,,,,,,,,,,,,,,,,,,,,,,,,,,,,,,,,,,,,,,,,,,,,,,,,,,,,,,,,0.06600546836853027
chscase_census4,,,,,,,,,,,,,,,,,,,,,,,,,,,,,,,,,,,,,,,,,,,,,,,,,,,,,,,,,,,,,,,,,,,,,,,,,,,,,,,,,,,,,,,,,,,,,,,,,,,,,,,,,,,,,,,,,,,,,,,,,,,,,,,,,,,,,,,,,,,,,,,,,,,,,,,,,,,,,,,,,,,,,,0.06829071044921875
chscase_census3,,,,,,,,,,,,,,,,,,,,,,,,,,,,,,,,,,,,,,,,,,,,,,,,,,,,,,,,,,,,,,,,,,,,,,,,,,,,,,,,,,,,,,,,,,,,,,,,,,,,,,,,,,,,,,,,,,,,,,,,,,,,,,,,,,,,,,,,,,,,,,,,,,,,,,,,,,,,,,,,,,,,,,0.07266879081726074
chscase_census2,,,,,,,,,,,,,,,,,,,,,,,,,,,,,,,,,,,,,,,,,,,,,,,,,,,,,,,,,,,,,,,,,,,,,,,,,,,,,,,,,,,,,,,,,,,,,,,,,,,,,,,,,,,,,,,,,,,,,,,,,,,,,,,,,,,,,,,,,,,,,,,,,,,,,,,,,,,,,,,,,,,,,,0.09071207046508789
visualizing_galaxy,,,,,,,,,,,,,,,,,,,,,,,,,,,,,,,,,,,,,,,,,,,,,,,,,,,,,,,,,,,,,,,,,,,,,,,,,,,,,,,,,,,,,,,,,,,,,,,,,,,,,,,,,,,,,,,,,,,,,,,,,,,,,,,,,,,,,,,,,,,,,,,,,,,,,,,,,,,,,,,,,,,,,,0.06286168098449707
hutsof99_child_witness,,,,,,,,,,,,,,,,,,,,,,,,,,,,,,,,,,,,,,,,,,,,,,,,,,,,,,,,,,,,,,,,,,,,,,,,,,,,,,,,,,,,,,,,,,,,,,,,,,,,,,,,,,,,,,,,,,,,,,,,,,,,,,,,,,,,,,,,,,,,,,,,,,,,,,,,,,,,,,,,,,,,,,0.07578468322753906
sonar,0.7111904761904762,0.15815789699843635,0.6147619047619048,0.14280775160285747,0.6626190476190477,0.14900378854159393,0.6071428571428571,0.22911366459160637,0.6057142857142858,0.15982243233208288,0.4754761904761905,0.06967919506020319,0.5421428571428571,0.12055161074875533,0.28846153846153844,0.0,0.5,0.047593725656786844,3.466666666666667,60.0,0.0,0.0,2.0,208.0,60.0,,0.7881223216693454,,0.2293956639141567,0.17333862964135413,0.005587204754216601,0.009220263357222164,0.029133141835146096,0.08741516182728719,0.22408357280214905,0.2150124803560936,0.44494157124653433,0.17313292906285177,0.17203301402613774,0.20288249932054897,0.1548360898143085,2.1438861047943334,4.155478229099167,1.6394751032424886,0.14163030859374562,0.1062061329764961,0.6558233325680097,0.3769098841871051,0.2813212900667057,0.22768124200657547,0.2666124997776933,0.23687379807159817,0.018943333267210014,0.021299752212036165,0.07514124293785311,1.0,0.0,39.0,0.6211367939134791,0.6368799993007996,0.362544695133957,1.6394751032424886,0.1422378270444259,0.0951441852805755,1.2910385807663904,0.9533140835721654,0.9395121092229001,0.0006894288579850998,0.0011220386865203916,0.2719923808126682,0.2356521895366105,0.029133141835146096,0.02589373518956366,0.3788632060865209,23.0,4.909090909090909,1.1916012000302032,0.04545454545454545,0.08947410898518687,162.7047619047619,98.6637284077334,0.5,0.15371886547533642,22.0,0.36666666666666664,0.10096153846153846,3.0,1.7320508075688772,1.2222222222222223,0.42779263194649864,4.177777777777778,1.6961036751235687,0.16364823837002054,0.1162806792772314,0.18394886363636365,0.10018605020852595,0.016666666666666666,0.041107784757364645,0.04348633698443276,0.035582497605523414,2.321727773988792,0.00023852709022345053,0.01715976383621303,0.013992478857284081,0.9967295890208366,19.48223831357863,3.2672964248782974,0.042619056513129444,0.05116093813133069,0.04265764166136248,44.38086788066496,6.004452439722733,1.8323418461573981,0.6908803044104659,-0.05799538281939851,0.0,0.030142456767360423,5.685775054090229,1.334929490221215e-05,0.9967295890208366,0.009019788311090626,0.440033935164717,0.8688684503901896,0.9585574404536016,0.04365851077426973,0.1328994173225957,,1.0453390528506485e-06,,0.9471153846153846,,0.0,,0.7391957463146136,0.30459828621499174,0.04799820371215702,,0.06730769230769229,,0.11057692307692313,,0.9653984837278107,0.28846153846153844,0.4132694807212098,0.07786302052549428,0.14903846153846154,0.35698555223412315,0.27884615384615385,0.44951354854253267,0.7403846153846154,0.28846153846153844,0.08173076923076923,0.2833333333333333,0.2,0.0033364322998052334,0.32,0.032966059751311616,34.96604567307692,6.858366888709751,0.4932137011073842,0.03166548429294006,16.93419471153846,3.6462135367727497,2.1256093138625927,0.3036525998816244,8.301838636398315
diggle_table_a2,0.2612903225806452,0.010200895677962523,0.9838709677419356,0.05100447838981256,0.770967741935484,0.23677897898341063,0.8387096774193548,0.19114396596377609,0.9903225806451612,0.030602687033887545,0.2612903225806452,0.010200895677962523,0.0967741935483871,0.04301075268817204,0.025806451612903226,0.0,0.1111111111111111,0.02881238926231024,38.75,8.0,0.0,0.0,9.0,310.0,8.0,,0.5365924362045962,0.38826099438703754,0.7097794448027265,0.3604738593941778,1091.6164047999182,3277.9932730329556,4343.032890835257,11759.057739800892,136.41135931623555,194.94001898560512,55.762246438109564,127.19194974818544,189.105458073452,72.38738441746682,96.84848924082135,-0.797941716058689,0.7196762265692249,92.76046360402296,51.79128589831777,68.34491586628891,224.74540000781417,309.06517313033504,144.80141233977892,201.51595674250558,150.15974374301732,211.60663975444837,76.30318748392165,127.76390504260442,0.75,8.0,0.0,1.0,3.358677739072748,148.44221252389252,202.55230511378312,78.04394973961375,40.98418782309003,55.17068827678009,,0.11456518667970352,0.3803743836883075,0.004556145818876092,0.005797773273177402,144.47200356481937,200.7052967256907,4343.032890835257,6771.305434260827,0.00011045198190202714,9.0,3.3333333333333335,0.7071067811865475,0.1111111111111111,0.02881238926231024,28.666666666666668,7.211102550927978,0.1111111111111111,0.0,8.0,1.0,0.025806451612903226,2.0,0.816496580927726,8.0,,2.588235294117647,1.1757350641945108,0.2580005327400437,0.08275120230510061,0.3333333333333333,0.08838834764831843,0.125,0.3535533905932738,0.38871964310285734,0.30110594215865977,2.5836486639173604,0.0010196130410130987,0.46759242918811994,0.2296009291554062,3.120903063728351,2.125151794592032,4.235996365308653,0.6290577526870533,1.468555362337058,0.629260731681011,0.7593130842583583,1012.9393211158505,263.69266674688646,2.1632451594242017,-0.4386365002643847,0.0,0.4332838314571769,0.7576028653809559,0.00010994111624423545,0.9845353004592674,0.008044533011680843,0.14780563596117835,0.9216202108779622,0.16521743279140558,0.29592354904721757,0.02234334817783679,0.03643211125997725,0.0,0.0,0.0,0.0,0.0,0.0,0.9004602444641632,0.27829879986401623,0.0,0.0,0.0,0.0,0.0014021872407948338,0.005010889955568079,0.9542455775234131,0.07096774193548387,0.13089235720012132,0.08071695590558602,0.0,0.0,0.01935483870967742,0.13799149835148472,0.13225806451612904,0.025806451612903226,0.0032258064516129032,0.125,0.16666666666666666,0.007208005002979716,0.2777777777777778,0.0778593409005105,118.73145161290323,13.349683746756991,0.8210174907437741,0.027913063680349817,101.12016129032259,11.791836487201284,0.7192247325355213,0.07213017959703424,3.202507257461548
prnn_fglass,0.47186147186147187,0.02147601163944765,0.39242424242424245,0.08609804482079851,0.6168831168831169,0.09460192440452389,0.41601731601731606,0.12671656187238528,0.6502164502164502,0.12430014765050748,0.4209956709956709,0.06775387356303088,0.354978354978355,0.09176400055171512,0.04205607476635514,0.0,0.16666666666666666,0.13898760091092968,23.77777777777778,9.0,0.0,0.0,6.0,214.0,9.0,,0.4969998646933867,0.27262371582038686,0.22769839977628836,0.18299210082183545,0.11286394051053628,0.1787818673589954,0.7004470762772055,1.0172597097883096,10.86290091249894,23.65716079059849,2.4427437738877114,10.838965466734177,23.66144333088085,0.574737162846658,0.5046039211184087,9.53267971390311,16.631808482372364,5.4920840775970445,0.29590456489721934,0.2755396692704055,14.263770355118645,23.725678540958164,11.265851593870373,23.472755646350254,11.28918684191174,23.50211151913674,9.752349658144844,22.81569171391618,0.05555555555555555,5.0,0.0,8.0,1.5323390892370838,4.511420696973801,3.305210774595361,4.473446525208409,0.6895407766619672,0.5030935974521226,,1.6294989655731922,2.281160706211762,0.008961343715966666,0.009965682017666592,11.259923977551297,23.500829617149186,0.7004470762772054,0.8003105832783107,0.07850306954440815,50.0,7.24,2.3172820109704704,0.019999999999999997,0.03202936971401623,2456.539105339105,3766.600650272178,0.16666666666666666,0.10557777543908882,49.0,5.444444444444445,0.22897196261682243,4.083333333333333,2.503028468705763,5.444444444444445,4.333333333333334,6.3232323232323235,2.5865755583289163,0.0811211954274101,0.11118479762058897,0.087314453125,0.10137849436949951,0.1111111111111111,0.053532483518157245,0.08646069983674642,0.06958254586990041,2.0168573913192267,0.620017868913917,0.17215668455304828,0.15358342702419342,2.1765339923982006,6.175966711718478,3.840971415476929,0.5697344535835459,0.3524199682404983,0.1490519927012112,4.7228805773652525,19.702066747613245,3.713220689890377,1.5086584002236942,-0.24575324598901835,2.0,-0.09144142883482537,3.736323726881516,3.137393025471497e-06,0.8419982850006483,0.13573683529522218,0.2911410970959226,0.9085603966477995,0.737103455346527,0.226098057420263,0.0907841560286936,0.1151322638011685,0.0008503641319349863,0.0014903512633178296,0.2562574009990876,0.29209261766521344,0.0616228415472629,0.17553277773444012,0.8325654417660812,0.2837175145219661,0.02406999238284578,0.04475685512455364,0.04139710227509196,0.07346215041123562,0.04813800852684204,0.07864798248924713,0.970674294698227,0.5,0.3901718072393892,0.15888790769862612,0.27102803738317754,0.4455327234456733,0.6822429906542056,0.4666961259874259,0.5607476635514018,0.04205607476635514,0.02336448598130841,0.5555555555555556,0.225,0.12329561686435073,0.35127478753541075,0.11480972049559879,96.57593457943925,10.95413985092551,0.7152926312904717,0.12236875317005842,70.11799065420561,13.107948702333665,0.5703512943650617,0.2312183706101768,2.871588945388794
glass,0.4725108225108225,0.04591659161337722,0.40627705627705624,0.09241435716674806,0.6073593073593074,0.09693490408589603,0.45,0.12432213246439584,0.7145021645021644,0.1238102385809026,0.4398268398268398,0.08083255659013808,0.4023809523809524,0.05392898155159426,0.04205607476635514,0.0,0.16666666666666663,0.13898760091092968,23.77777777777778,9.0,0.0,0.0,6.0,214.0,9.0,,0.49699986756536896,0.2726237145820287,0.2276983997762883,0.18299210082183537,0.11286394051053628,0.1787818673589954,0.7004470762772055,1.0172597097883096,10.862900912498942,23.65716079059849,2.4427437738877114,10.838965466734177,23.66144333088085,0.574737162846658,0.5046039211184087,9.532679713903109,16.631808482372357,5.492083768282225,0.29590456489721934,0.2755396692704055,14.263770355118645,23.725678540958164,11.265851593870373,23.472755646350254,11.28918684191174,23.50211151913674,9.752349658144844,22.81569171391618,0.05555555555555555,5.0,0.0,8.0,1.5323391008099847,4.511420696973801,3.305210774595361,4.47344617639183,0.6895407766619672,0.5030935974521227,,1.6294989655731926,2.2811607062117614,0.008961343715966666,0.009965682017666592,11.259923977551297,23.500829617149186,0.7004470762772054,0.8003105832783107,0.0785030721968484,50.0,7.24,2.3172820109704704,0.019999999999999997,0.03202936971401623,2456.539105339105,3766.600650272178,0.16666666666666666,0.10557777543908882,49.0,5.444444444444445,0.22897196261682243,4.083333333333333,2.503028468705763,5.444444444444445,3.126943839882286,6.3232323232323235,2.5865755583289163,0.0811211954274101,0.11118479762058897,0.087314453125,0.10137849436949951,0.11111111111111109,0.06290494457382326,0.08646069983674642,0.06958254586990041,2.0168573913192267,0.620017868913917,0.17215668455304817,0.15358342702419334,2.1765339923982006,6.17596671171848,3.840971415476929,0.5697344535835459,0.35241996824049815,0.14905199270121094,4.722880577365255,19.702066747613245,3.7132206898903766,1.5086584002236945,-0.24575324598901838,2.0,-0.09144142883482537,3.736323726881375,3.137393025471497e-06,0.8419982850006484,0.13573683529522218,0.2911410970959226,0.9085603966477995,0.737103455346527,0.226098057420263,0.09078415602869495,0.1151322638011707,0.0008503641319349863,0.0014903512633178296,0.2562574009990876,0.29209261766521344,0.0616228415472629,0.17553277773444012,0.8325654417660798,0.2837175145219656,0.02397871989512494,0.04460350420365269,0.041446539921859975,0.07340793511263335,0.047744940468472205,0.07668222768072525,0.970674294698227,0.5,0.39017180723938916,0.15888790769862612,0.27102803738317754,0.4455327234456733,0.514018691588785,0.5009753113275967,0.5607476635514018,0.04205607476635514,0.02336448598130841,0.5555555555555556,0.225,0.12329561686435073,0.35127478753541075,0.11480972049559879,96.57593457943925,10.95413985092551,0.7152926312904717,0.12236875317005842,70.11799065420561,13.107948702333665,0.5703512943650618,0.23121837061017678,2.9515509605407715
vehicle,0.39718487394957985,0.022723098719688993,0.3098459383753501,0.07074667185893133,0.7802521008403361,0.040877274921928074,0.4631932773109244,0.05913703453636317,0.6513445378151261,0.02943148450416694,0.39364145658263305,0.02127471008790587,0.36411764705882355,0.024254533014928126,0.02127659574468085,0.0,0.25,0.010327298992971743,47.0,18.0,0.0,0.0,4.0,846.0,18.0,,0.6738147443927072,0.2715617364059888,0.40705653491911936,0.34247694047500554,278.44615465072445,851.9534342935541,2025.5889786487994,8224.542093947208,113.83867084854721,101.74809481733129,159.43085579722043,111.36287191706428,96.84180561070296,34.56944444444444,61.11337135600303,5.0964765381202675,15.12629136474275,4.621441494534745,21.168233333333333,31.898934062460086,198.88888888888889,227.40838850710563,117.63494877856581,106.38822560976683,111.55555555555556,92.85629138444632,78.38888888888889,63.11906478924796,0.39215686274509803,3.0,0.0,8.0,1.5095704826426992,120.5,188.88192701510957,2.435826672164416,22.770839172096302,39.94658309531972,,1.0378871009079125,1.6937191094945223,0.024529774191604656,0.018416543403109928,114.9032152230971,100.6629073063975,2025.5889786487985,7298.497058744341,0.08339995989730416,133.0,9.135338345864662,3.1593582846866948,0.007462686567164179,0.016840080442361002,81711.36481818835,280497.8694200202,0.25,0.16950677169316533,133.0,7.444444444444445,0.15602836879432624,7.388888888888889,6.472919960146078,7.444444444444445,3.6173149324134664,8.173584905660377,3.4056632282146926,0.0579054169222452,0.0838482751417669,0.04251415111400463,0.05548888587120657,0.05555555555555555,0.04994144329879974,0.1384004320849664,0.1416834383336937,3.0929297541798166,0.15781184371987997,0.04526094413507489,0.026507950460239123,1.999066765534363,7.738272393698143,4.833661498170824,0.22519095621146806,0.2583350215433555,0.12855558816748988,10.972553065789961,72.72285864100289,228.96152722136912,1.385647492281233,-0.11515779532979191,0.0,-0.08559741374526961,12.629753297704626,2.0563294113075271e-07,0.9995333827671815,0.0005627451236797087,0.2532896644815348,0.9275728454124527,0.8756349768827136,0.08004673329430828,0.1172347644757012,0.15024989536795594,0.02817210218174924,0.06890998939835465,0.7503935508082037,0.1565319019817349,0.20616843880186853,0.26714625823070304,0.8886049917804019,0.278000579941328,0.029203431207876034,0.05632868079365008,0.059630094064611484,0.11024283386311727,0.16752894690350098,0.14899709209459522,0.9903229772703139,0.44208037825059104,0.4390650424979202,0.10729771779075267,0.3049645390070922,0.46066474857031264,0.5567375886524822,0.49706427589639085,0.706855791962175,0.02127659574468085,0.001182033096926714,0.05555555555555555,0.11392405063291139,0.02869555021437566,0.20195163343232922,0.03983848983082989,308.309988179669,36.92311477321588,0.7375083333851298,0.017700296128442945,226.9627659574468,29.780478562399132,0.9872114314637708,0.14850488230373898,11.216445684432983
ecoli,0.6460784313725491,0.021404605089951366,0.5928698752228165,0.07696806496073497,0.8512477718360071,0.06376332485807097,0.7608734402852051,0.09407818640469036,0.8032085561497327,0.07992929416383986,0.6219251336898395,0.05381945517463337,0.4255793226381462,0.012062306625467494,0.020833333333333332,0.0,0.125,0.14505466838029737,48.0,7.0,2.0,0.0,8.0,336.0,7.0,,0.6097915681883317,0.30261994604689396,0.18400046702613657,0.19036021598892505,0.005298356023618849,0.008445977582203269,0.024826500266089735,0.031651330267945026,0.27418358857674846,0.25698069095005116,0.7798456151391319,0.261361968074458,0.24736162377045517,0.19749999472073146,0.16143238397054094,50.865922159589395,123.12242680261434,10.930268138568332,0.13025700517594815,0.10376938981415784,0.9657142843518939,0.05533448595930079,0.4995663241407245,0.0018916885867489989,0.47571428545883726,0.02620886649318665,0.16714285500347614,0.2277948092270336,0.047619047619047616,7.0,0.0,4.0,3.1523932869076434,0.7985714293484177,0.20391407875757322,4.448423890226316,0.14372869636384442,0.06973752547167708,,3.5733729539291055,6.731407136016036,0.15044654082495054,0.2377771314887205,0.4885219210782516,0.011949660662457699,0.024826500266089735,0.018158609245539845,0.004883752718603699,55.0,6.814814814814815,1.8126814711920003,0.018518518518518514,0.041677361396480025,1463.2634920634923,1487.2405053520602,0.12499999999999999,0.08325981471881595,53.0,7.714285714285714,0.16071428571428573,5.3,3.3015148038438356,7.714285714285714,4.820590756130958,5.981651376146789,2.2359919970047715,0.10727367308025618,0.09703077063713689,0.08897569444444445,0.08516742865580935,0.14285714285714285,0.1265803887319423,0.04676261379505299,0.06651145763494531,1.8753794109758803,1.2060738248120255,0.29177639838441666,0.2226714076237979,2.1887455831912255,4.518879445045551,3.57976916883281,0.9479065273989108,0.48435582533429644,0.3403957072878098,2.8719043167933753,81.17586891377672,0.6627534680100715,1.517122829952031,-0.6146836487441684,3.0,0.23824073141143276,1.5753319569903175,6.5355347266712875e-06,0.7295818610637418,0.19966895899062098,0.3396846306859349,0.8700071073205402,0.4096548557876191,0.14059574811992243,0.06695391292407195,0.09395375697828348,,,0.17111301109539695,0.2240199956914793,0.04668439603032626,0.14309527177503384,0.7594940425856458,0.2981678317399451,0.012082609497895386,0.02428556293581097,0.014529370898541933,0.03617628605069332,0.010754529105548805,0.022096764670602877,0.9642325680272109,0.2767857142857143,0.39243867919575043,0.13367636733376406,0.19345238095238096,0.3955936224758532,0.13988095238095238,0.34738079771510083,0.4107142857142857,0.020833333333333332,0.01488095238095238,0.7142857142857143,0.20588235294117646,0.20098281827897116,0.3347107438016529,0.19528869178109703,160.49255952380952,13.73433777166912,0.677379631193558,0.16749835994018203,115.47172619047619,23.92065437374338,0.5619606546618369,0.13301449922068515,3.3114259243011475
SPECTF,0.7251260504201681,0.053339761988092184,0.7079831932773109,0.06755899528560462,0.7769747899159664,0.10472759665313376,0.7308403361344538,0.08162183331069338,0.8885714285714286,0.11621389303452646,0.7278151260504202,0.014438410605250591,0.7278151260504202,0.014438410605250591,0.12607449856733524,0.0,0.5,0.32214893469530387,7.931818181818182,44.0,0.0,0.0,2.0,349.0,44.0,,0.5763608304509897,,0.2834613134130734,0.18691250998356118,26.49320828963203,24.94637060529274,91.74315030554531,245.7599442914884,63.99333659075748,5.230123087158664,36.46965704355982,62.2077135030966,6.2818233294524735,9.295454545454545,2.473859102364351,5.633586814379874,4.23396800322439,0.49743595586217104,6.6717,1.5500249789435128,81.13636363636364,3.2606955249691607,65.03223495702005,4.692148139453308,66.9090909090909,4.317720015364386,18.954545454545453,10.716113807599315,0.1331923890063425,1.0,0.0,44.0,0.3321918068781545,62.18181818181818,9.98667187915911,0.49743595586217104,9.312904725278703,2.2648479535741393,1.5107786146389945,-1.8053808058102987,0.6141339059186532,0.021227333863311305,0.004122617851829506,66.65607496768634,4.3186745750215385,91.74315030554534,46.49290008433592,0.6678081931218455,30.0,6.0,1.7220677226460377,0.03333333333333333,0.06502024804148442,413.6952380952381,302.8984483876293,0.5,0.14142135623730948,28.0,0.6590909090909091,0.08022922636103152,3.2222222222222223,1.7159383568311668,1.2727272727272727,0.4558423058385518,5.017543859649122,1.9954522229146048,0.10945678759768164,0.08246162179435022,0.12799479166666666,0.11972571468158594,0.02272727272727272,0.03520433540613494,0.044579543228957436,0.029667579861722564,2.781003780756672,0.01744871774897892,0.014638946076302489,0.008458237500434208,0.8446127584974168,11.818741155835102,3.554152688124697,0.04604136508765602,0.0714638511293919,0.04540190752567252,37.91483227962916,24.30648854058072,75.38908061352564,0.5854409522174424,0.09712826642043434,0.0,-0.031492116260449225,2.5904231005919125,4.130408560671386e-06,0.8446127584974168,0.3437674222542526,0.5399908788547811,0.8510852023844812,0.9487994993073411,0.03872430585283802,0.28573936528291527,,3.602690231501081e-19,,0.7220630372492837,,0.0,,0.6773257541331387,0.271262050859978,0.08341985471701607,,0.11174785100286533,,0.13467048710601714,,0.9602712621407049,0.3954154727793696,0.246375302613538,0.2339430468563268,0.1346704871060172,0.34186139855486536,0.20630372492836677,0.4052320599713376,0.5845272206303725,0.12607449856733524,0.06876790830945559,0.5454545454545454,0.14285714285714285,0.026927739232399644,0.24489795918367346,0.03429395951431103,117.75179083094555,29.11555527419172,0.39874232448825886,0.1877599311388496,49.53187679083094,27.542957080201916,1.2119174934109163,0.4152680406370025,8.415661811828613
ar4,0.8209090909090909,0.13069356556773587,0.7763636363636364,0.17994999815656376,0.8118181818181819,0.08097772596737111,0.860909090909091,0.10773995151916348,0.7090909090909091,0.12338953376668081,0.8127272727272727,0.008782652573448147,0.800909090909091,0.09155828804752107,0.27102803738317754,0.0,0.5,0.44276779756540824,3.689655172413793,29.0,0.0,0.0,2.0,107.0,29.0,,0.7220197192057102,,0.5368821252472613,0.3486129136024132,370222.3028580243,4602336.768319294,53755738.13779338,289470054.17263144,135.3329392909191,573.85503522138,43347.42955248911,32.40516203436898,100.71324130167861,394.5159820810217,1815.0170654848594,17.093036125038246,13.192074650209822,1.0890454578627886,221.7937207463561,1004.9798057819797,12769.056653171778,62867.61892912039,594.8053989895194,2812.2057337797783,172.38311916846652,749.1354168196584,4.0861410783475325,9.01145321159919,0.5615763546798029,1.0,1.0,29.0,0.5213124749218926,12764.97051209343,62859.873792741215,1.0890454578627886,1490.807525640541,7305.7308735758,,3.2638718076350335,1.8029919908216556,0.030492073631717218,0.05539653431426797,209.8137151578792,922.215091233335,53755738.13779343,288402820.2827846,0.4786875250781074,12.0,3.9166666666666665,0.996204919895622,0.08333333333333333,0.1221444221129857,51.599999999999994,20.240014372973693,0.5,0.0,11.0,0.3793103448275862,0.102803738317757,2.2,0.8366600265340756,1.5714285714285714,0.7867957924694431,3.130434782608696,1.391674851853202,0.20605956069785758,0.07141733960860029,0.2708333333333333,0.112542079672315,0.03448275862068965,0.08378980876134574,0.2234754103758555,0.22038289240086859,1.8470487646493126,0.4286910033150348,0.05528030758571103,0.01821403638498079,0.6949749673676273,5.942316113450117,2.4250701815663693,0.398531968026429,0.11695355045057068,0.047477488875278764,14.793011477919606,23.820337419743538,48029.05409692731,0.48171993919061085,-0.3213606528777326,0.0,0.5628120260225699,1.3318730512948787,9.871628228449405e-08,0.6949749673676273,0.5633078177939516,0.43335593220338975,0.8501146182331158,0.8502892593360653,0.09040237325926051,0.13941580270972492,,3.764014778521743e-08,,0.5607476635514018,,0.0,,0.5748460774085661,0.2711269485317251,0.09162449752442059,,0.10280373831775702,,0.14018691588785048,,0.9295134946283519,0.3364485981308411,0.40479499391834606,0.14831183400184664,0.205607476635514,0.40604669675244565,0.27102803738317754,0.4465822719517463,0.4766355140186916,0.27102803738317754,0.009345794392523364,0.034482758620689655,0.2636363636363636,0.10386299597740009,0.3886223440712817,0.1291393217820959,39.88551401869159,7.617779677544074,0.2871739519387211,0.25068194962253965,10.75876168224299,9.657997523827762,0.9682807422310126,0.34527871330778753,3.658296823501587
ar6,0.8027272727272727,0.09141776877674024,0.7218181818181818,0.10499027022128606,0.8427272727272728,0.11403364895758702,0.8118181818181819,0.1523642872626583,0.7418181818181818,0.15146665890660752,0.8518181818181819,0.051076564361723115,0.8718181818181818,0.06561848157315849,0.2871287128712871,0.0,0.5,0.49707506400242446,3.4827586206896552,29.0,0.0,0.0,2.0,101.0,29.0,,0.6936733770124733,,0.4335277949827968,0.3250978763460685,9607.51145420052,72974.09049518236,691267.0386775746,3073981.9277248895,30.15079808302104,111.17330793151238,2190.2586785346853,8.023476630314478,19.058275518004038,123.9151749930762,542.0372225991207,11.547024488248477,17.104955044636032,0.9274609848908664,48.354742610839295,192.57029518962466,1315.422413098401,4309.549157492589,119.25507343015973,474.1544169086351,38.3148270066956,142.52416261584955,0.8389655173724068,1.383931627133898,0.4458128078817734,1.0,1.0,27.0,0.48118275397588894,1314.5834475810286,4309.13980704457,0.9274609848908664,235.72618486755303,811.4208422117063,,2.698309156389365,2.1509975577147418,0.04594872285418544,0.05596949613242167,52.55183729194758,210.99001745656744,691267.0386775747,3048382.705968347,0.5188172460241111,17.0,5.0,1.8027756377319946,0.058823529411764705,0.10410589701499107,168.01904761904763,160.20514569602,0.5,0.12478354962115547,16.0,0.5517241379310345,0.15841584158415842,2.0,0.9258200997725514,1.3333333333333333,0.6513389472789296,4.181818181818182,2.037991435435657,0.11853437208625138,0.11560321768019768,0.19806985294117646,0.1432305592623922,0.034482758620689655,0.06082086512635328,0.15457713183303687,0.16530080611420686,1.7784659187999545,0.43530214323408206,0.022413978157452906,0.017813494548267965,0.6061112071230007,15.279767179229555,2.344909557692798,0.4392592790470599,0.039667568230156915,0.024960579915074093,43.83425624885903,3.121271320336409,5804.977298644228,0.42012427432309296,-0.20614761141931215,0.0,0.33577061555614945,3.7792391169307415,2.3518527954359174e-07,0.6061112071230007,0.6614617504264533,0.46171869095306484,0.8481188118811881,0.9356078505127363,0.053056293686517174,0.12492694387027826,,1.9645118301420572e-16,,0.7821782178217822,,0.0,,0.7086606802546221,0.2554185626786687,0.07444342530066872,,0.07920792079207917,,0.1188118811881188,,0.9436329771591021,0.33663366336633666,0.33758981271285854,0.19814400527896725,0.19801980198019803,0.4004947435409863,0.27722772277227725,0.44986246523105533,0.44554455445544555,0.2871287128712871,0.019801980198019802,0.06896551724137931,0.26605504587155965,0.12701698574103315,0.3908567440237306,0.14311326163652002,34.09529702970297,8.272099161391326,0.23896003316838782,0.263309956539651,7.673267326732673,8.827035358364764,1.1152491142007541,0.4382039181601094,3.6548593044281006
mc2,0.6786764705882353,0.1107588249352532,0.5772058823529411,0.08405111862491298,0.6639705882352941,0.12691014585566934,0.7327205882352941,0.05998771380359295,0.6213235294117647,0.10272210583184253,0.6772058823529411,0.02231603850998046,0.6974264705882354,0.12362335460707267,0.2422360248447205,0.0,0.5,0.25034215234554785,4.128205128205129,39.0,0.0,0.0,2.0,161.0,39.0,,0.6362902259118304,,0.5186486948255763,0.31028880599513986,2104555.301880713,44014466.562712625,544037679.5197045,3397446170.1377134,6.417389910903452,15.93383129442114,89452.20463033432,3.0789011998996765,6.822592776071296,871.9304886015658,4902.295460490162,8.709294345861313,5.722267655318292,0.6802917367423484,266.4026973023682,1432.8466833551472,27278.927282752134,158733.80717504316,1526.5506493387143,8751.461358104321,193.07282446152888,1011.585226841654,0.38769230762353313,0.6716415928157348,0.524966261808367,1.0,0.0,35.0,0.4048652515909281,27278.53959044451,158733.87465921658,0.6802917367423484,4006.8261913711253,23278.25838590821,1.57570051712215,2.4472114623088723,1.3216889207147944,0.024017410953004095,0.02855877365486749,340.1322119037226,1861.8744518483861,544037679.5197045,3386298280.772289,0.5951347484090719,28.0,6.5,2.252570548079255,0.03571428571428571,0.04358083794996938,748.6349206349206,802.4959530127664,0.5,0.12191496227354263,27.0,0.6923076923076923,0.16770186335403728,2.7,1.2516655570345725,1.4736842105263157,0.8411910241920598,5.636363636363637,2.4597774392219005,0.09093105390527377,0.10933000334513875,0.12018694196428571,0.13737902950653702,0.025641025641025637,0.0372113295279202,0.16265167297087796,0.17815407803923275,2.1036810931595205,0.3657785946039874,0.027020714255848073,0.014798918277512584,0.9075941654188296,13.681252267394635,2.9449367284730457,0.35902761285626644,0.06633853010530488,0.02473159771367692,30.711300956173822,14.387678523621371,121178.85493341796,0.6290963368527184,-0.14484155388898773,0.0,0.29988162236358723,1.937640453579257,0.0,0.9075941654188296,0.22276311278711014,0.37823371989295274,0.8734472049689441,0.9290152367376902,0.04147884046737488,0.2606376502146679,,8.39583582682044e-07,,0.8385093167701864,,0.012422360248447204,,0.7138442395854626,0.3100300605733049,0.11402965635185058,,0.17391304347826086,,0.22360248447204967,,0.9761969059835655,0.4906832298136646,0.4040465189715656,0.18235393577489464,0.2795031055900621,0.45015525272154167,0.3105590062111801,0.4641662531453641,0.6273291925465838,0.2422360248447205,0.006211180124223602,0.02564102564102564,0.2154696132596685,0.09598084886340408,0.33826479438314944,0.11273041960672288,44.5819099378882,10.113515528198084,0.42575052351365267,0.17940496405817635,18.524068322981368,9.008040671198964,1.3850423880224403,0.41352109656453184,5.015347242355347
kc2,0.8329825834542817,0.10044443920330756,0.7178519593613932,0.16393712893076046,0.8329462989840348,0.08442623394027773,0.8291364296081276,0.08118238825626925,0.7487663280116111,0.07181600202578621,0.7757982583454281,0.13488222231672486,0.7738751814223512,0.10382499631487739,0.040229885057471264,0.0,0.5,0.4172200931139016,24.857142857142858,21.0,0.0,0.0,2.0,522.0,21.0,,0.598582123926878,,0.7753209601361813,0.21398333375455467,5460267.395756929,60240856.90812613,613850917.7863053,2812810015.1796403,3.627223688304926,7.31738588272745,67085.96948799171,1.6388310056082278,2.82122639733361,425.1571405673666,1651.4660744754392,128.3493437055659,88.47840366849762,0.5583619623757291,59.56416079502405,197.18822468215293,111741.9135340736,467657.43385583867,977.8937078809497,4032.8961053911976,42.053571368612,133.1142307938106,0.38095238095238093,0.49761335152811925,0.8952380952380953,1.0,0.0,21.0,0.3583005590848124,111741.53258169265,467657.5285144104,0.5583619623757291,5875.729770153664,24663.59773689065,1.543375477893419,8.901704468080741,4.332083405595772,0.020272758150939457,0.02738632289029678,128.41725525119048,479.4470542283858,613850917.7863057,2799183594.371183,0.6416994409151876,69.0,8.159420289855072,3.027439164423977,0.014084507042253521,0.02470786686764886,13563.275124875126,30822.46608854879,0.5,0.17421471420538126,70.0,3.238095238095238,0.13409961685823754,4.666666666666667,3.154739442867026,3.3333333333333335,2.3094010767585034,7.177304964539007,3.149339359165579,0.0670954190966439,0.08565264772100314,0.06807483082086267,0.08292003875897083,0.047619047619047616,0.08180045167863,0.3959730484746909,0.188634577681485,2.474947603100613,0.6779439188401618,0.05704076634495302,0.02560585310213719,0.7317786193052257,4.143978470526875,3.0301378003110235,0.6450536563049707,0.176588422094815,0.03985638045153878,13.015344685348328,31.43390296382861,71498.22075191097,0.5072302867654668,-0.16886760661919809,0.0,0.5761040850177949,1.4573725287661463,0.0,0.7317786193052257,0.516480285723619,0.383795175483837,0.8630911671483517,0.8573718747606863,0.05531401649516486,0.22691369878393347,,1.1571384491327588e-14,,0.9578544061302682,,0.8409961685823755,,0.6452812084105456,0.3057636277474263,0.10503001685184676,,0.14750957854406133,,0.16475095785440608,,0.9913022415995068,0.30842911877394635,,,0.31226053639846746,0.4638599889838894,0.1896551724137931,0.3924042187399404,0.367816091954023,0.040229885057471264,0.0019157088122605363,0.047619047619047616,0.15,0.11511460699004229,0.25574897915323447,0.13719498214086398,255.681872605364,18.68966244738324,0.315018892538613,0.24394286647587723,81.42744252873563,61.298759705881615,0.3289902557179433,0.2076487441537777,6.472455024719238
datatrieve,0.9230769230769231,0.05128205128205128,0.8846153846153847,0.08308641921035721,0.8769230769230768,0.039722906114947894,0.8076923076923077,0.0830864192103572,0.8384615384615385,0.04366509324596512,0.9076923076923078,0.03243361702736802,0.9153846153846155,0.024325212770526013,0.06153846153846154,0.0,0.5,0.5874425566780549,16.25,8.0,1.0,0.0,2.0,130.0,8.0,,0.4217262628334663,,0.5191124768824316,0.3535853390962477,86969.12699335547,201668.35701607759,249894.3281305904,699853.3944334605,212.2354003564315,255.44735891547435,773.1228675602326,87.64162436506824,106.3297688667742,380.0625,454.64518642092133,3.2156784157535214,2.8145065323759932,0.216327554052677,260.47428749999995,310.7109451493482,2120.375,2581.521696181758,357.7903846153846,420.1199981285788,272.4375,323.5724071650292,6.0,6.718843437888484,0.5357142857142857,1.0,0.0,7.0,0.1778530407634819,2114.375,2574.836024598737,0.216327554052677,336.91079495271276,394.80258267344766,,1.494132212226325,0.6024303633846452,0.06565744925516069,0.17400449237143956,285.150641025641,336.9707033893405,249894.32813059038,339918.7661647069,0.822146959236518,14.0,5.0,2.385855756810896,0.07142857142857142,0.1342362733117674,124.01904761904763,142.13153032427562,0.5,0.10101525445522107,12.0,1.5,0.09230769230769231,1.5,0.7559289460184544,1.7142857142857142,0.7559289460184545,3.84,2.1924111536540463,0.11285768786857539,0.13443720252321334,0.23978365384615385,0.1556428508323603,0.125,0.083695737125161,0.2576021186977042,0.24327614753267957,2.1554068975034926,0.4685845250684223,0.019678503906201114,0.022397939540504976,0.41823656965418116,9.993224866105033,2.531791454893569,0.47611426193361694,0.04185201226410443,0.014617010101466932,50.500675377373405,3.0586005504410223,1797.6325485904983,0.28989949906285883,-0.10787416732164665,1.0,0.20911169670304464,3.2936769413955056,6.907929406793021e-07,0.41823656965418116,0.8166923400084022,0.30276507465398717,0.830530709600477,0.9525822676551211,0.026730963989616618,0.2675358964189197,,0.12523868312471498,,0.7923076923076923,,0.07692307692307693,,0.6631652534537624,0.3279018627071903,0.07798380809061178,,0.08461538461538465,,0.08461538461538465,,0.7524852071005917,0.18461538461538463,0.23780554717521762,0.19437003324581123,0.12307692307692308,0.32979638104700215,0.11538461538461539,0.320721458628893,0.2,0.06153846153846154,0.007692307692307693,0.125,0.21621621621621623,0.06969888706381802,0.3411764705882353,0.10604893785054095,45.79423076923077,3.5271256970466545,0.14219774642258087,0.2347166794813582,6.563461538461539,9.957580160538402,0.7117567198342429,0.17499223097913594,2.0554027557373047
oil_spill,0.9477121940059483,0.013684770144854422,0.9359871882864332,0.02602904845998516,0.9541180507892932,0.017397478074591376,0.9094028826355526,0.07703603294054678,0.9231754747197437,0.03255927422044746,0.9562457103637613,0.0033229020246414672,0.9562457103637613,0.0033229020246414672,0.052294557097118465,0.0,0.5,0.6452255047113107,19.122448979591837,49.0,1.0,0.0,2.0,937.0,49.0,,0.6524793956344725,,,,54970993.573534325,999262437.8337119,299548282875.5562,2096828143233.8887,,,923326.5060950948,,,4460.101012917084,29327.321659295845,,,0.7413392455658361,2621.9254495586747,17138.986287797135,1463559.276560443,10186705.383194871,16103.506455809873,109906.56765019303,4061.2726569326633,26590.19714748222,1506.137142849934,10038.919785855707,0.1607142857142857,1.0,1.0,38.0,0.42572936172752657,1462053.1394175934,10176670.772687115,0.7413392455658361,78741.02242832012,547228.9774183207,,,,0.060873348201620735,0.1658138201153723,4490.108105892474,29485.064419736493,299548282875.556,2096816450729.2097,0.5742706382724735,35.0,6.485714285714286,2.441930631710089,0.02857142857142857,0.11635723936807833,1134.5777777777778,1302.3872781251443,0.5,0.020203050891044183,34.0,0.6938775510204082,0.03628601921024546,3.4,1.955050439815357,1.7894736842105263,0.917662935482247,5.594202898550725,2.675151675632343,0.112028957217592,0.17434577228357506,0.1256138392857143,0.10401168278258567,0.020408163265306128,0.05001237160507382,0.11561483097555007,0.20443607658821555,2.848414143188567,0.7736934726103989,0.0132169120581329,0.07106729419583359,0.2592588744223089,18.768944910558446,3.0938598344160937,0.7698588658553585,0.013813183194781671,0.013000249064621982,205.20982890204752,2.28030852831352,1897436.0569106694,0.1797045578409683,-0.0408687254861424,0.0,0.4886385980508284,3.117167709488666,1.4912576412290326e-10,0.2592588744223089,0.9086733698198999,0.3040168911713089,0.8253131014603801,,,0.05953063806873154,,,,0.7449306296691569,,0.0,,0.7665547455364893,0.3094351471644985,0.019243129942675075,,0.019210245464247544,,0.07043756670224122,,0.9279746779214301,0.06616862326574173,0.3075137959556928,0.09283952555046994,0.0384204909284952,0.19231179701719017,0.11205976520811099,0.31560842857089155,0.13660618996798293,0.052294557097118465,0.0010672358591248667,0.02040816326530612,0.1240506329113924,0.08427574503827114,0.21761006289308177,0.09435533950462185,230.12439967982925,47.85008438056131,0.08307141889908849,0.18689621382776922,17.850386872998932,40.54228955903589,1.6198620992101296,0.3566034875777207,19.694448947906494
kc3,0.89512077294686,0.02310713302578914,0.8710628019323672,0.03814722708824328,0.8995169082125605,0.02368956555188247,0.8625603864734298,0.05701267720776345,0.8449758454106279,0.04154929519586184,0.9061352657004831,0.01026322157560454,0.9061352657004831,0.01026322157560454,0.0851528384279476,0.0,0.5,0.5743312720554491,11.743589743589743,39.0,0.0,0.0,2.0,458.0,39.0,,0.5374494566880219,,0.5770694822832123,0.3106523045547105,247505.61703301754,4372905.281705632,50723631.26528561,316749571.7348384,2.5601786296994478,6.629878872838278,41173.186124187094,1.2521476986955435,2.726008672210598,203.51614978064137,1070.2834350553428,18.618858418538572,25.020900867687377,0.4061768934012296,50.86743522099784,244.51628303076328,16179.20220860304,93280.62027268163,395.49464318641014,2196.0142311821546,36.36269194393968,166.90222261469262,0.2943589747047577,0.5062233482302362,0.5614035087719298,1.0,0.0,36.0,0.28885191849424996,16178.907849628335,93280.67171524497,0.4061768934012296,1244.9923507159085,7104.059971826774,1.8567588220907296,3.080854892305186,2.2141058743807083,0.03398127489335103,0.04559321692311163,71.6655835558609,360.32108208724367,50723631.265285596,315567962.26071703,0.71114808150575,36.0,6.777777777777778,2.7371634025142697,0.027777777777777776,0.06375206391442954,2431.6323676323673,5475.08433623038,0.5,0.11785113019775793,35.0,0.8974358974358975,0.07641921397379912,2.6923076923076925,1.702185623672077,1.2962962962962963,0.6085806194501846,5.887323943661972,2.9401131940048444,0.07269829482606843,0.11370226190671355,0.11750623914930555,0.11159515967448633,0.025641025641025637,0.03227250395121356,0.23060139929865198,0.19684125989130472,2.069567085688224,0.7465614972163914,0.030052267750881045,0.019826745384035328,0.44931097622048255,6.591587504127119,2.450713757643738,0.7262587195459216,0.06816430426496808,0.026361122136799198,29.361449559338396,35.94204857062808,52654.35788548179,0.3114386363618641,-0.22632596367312374,0.0,0.6075973016597023,1.740742311429409,0.0,0.44931097622048255,0.7949722531796821,0.42909829052990256,0.8269328160683401,0.9208493096453702,0.03813574236134434,0.17560603297823016,,1.31238963238198e-05,,0.7139737991266376,,0.32096069868995636,,0.6984693072444688,0.24677833500349441,0.06838147354958057,,0.07423580786026196,,0.09170305676855894,,0.9469880437062603,0.18777292576419213,0.2232560062191155,0.22738415320356745,0.1222707423580786,0.3279564683578309,0.12882096069868995,0.3353679951391105,0.24672489082969432,0.0851528384279476,0.002183406113537118,0.02564102564102564,0.18932038834951456,0.15617737458212175,0.30775945683802136,0.16922430815247824,140.03029475982532,28.776633932283026,0.16115981699423343,0.23891766447127902,20.35828329694323,30.42484701810567,1.2127557614492965,0.37972999648275535,8.338867664337158
KungChi3,0.862820512820513,0.09936242067361993,0.3801282051282051,0.3580453230482277,0.8865384615384615,0.11053639994085866,0.8134615384615385,0.08490464672632536,0.782051282051282,0.15698949304890505,0.8544871794871796,0.06207991263390678,0.8621794871794872,0.054664952160111226,0.3170731707317073,0.0,0.5,0.5231440413656571,3.1538461538461537,39.0,0.0,0.0,2.0,123.0,39.0,,0.7606694340566844,,0.5058053133390787,0.3449605155383261,188923.5652484241,3263552.952697468,37440164.5124442,233796609.9586669,222.3279235418995,1167.504422289053,37029.85816696928,101.13014118341971,493.4509607852884,484.6298657457989,2649.1531484079637,5.6939772492358,4.119505882169999,1.3731435403131245,196.31335418062045,1065.1121675484549,7048.169524500768,40351.84465794695,589.0298512107635,3257.925132217157,188.71641486099898,987.3925070508272,11.037692164285826,39.02896858871852,0.5195681511470985,1.0,0.0,36.0,0.5786179879081166,7037.131832336481,40314.229497181215,1.3731435403131245,1072.552405169574,6102.851012293905,,2.012511285268083,1.0693064529888048,0.04484209654263528,0.06317520854137838,262.38081277423055,1397.8391701248597,37440164.51244418,232904793.99503028,0.4213820120918834,12.0,4.583333333333333,2.151461800448216,0.0769230769230769,0.1468530423021425,69.99999999999999,38.248311509572986,0.5,0.10101525445522107,11.0,0.28205128205128205,0.10569105691056911,2.1666666666666665,0.983192080250175,1.2222222222222223,0.4409585518440984,3.8260869565217392,2.28934635198949,0.15888394457504434,0.12956672693349294,0.24934895833333334,0.167243191570411,0.02564102564102564,0.06104938988011207,0.210239507506758,0.22040155505689932,1.7572880267545419,0.40503632246261184,0.03286932771026834,0.04722612323758654,0.5576611106650715,9.824100456005594,2.258184539667137,0.3970262103550321,0.05676459775247579,0.03391906239373772,29.957464622884565,14.519151386179068,50275.73461086904,0.38654122656542195,-0.25804952242667767,0.0,0.47649478120188465,1.835251721660112,1.7851240702456334e-07,0.5576611106650715,0.7074754378470739,0.4478632478632478,0.8263361322137812,0.9158478232722862,0.06612714512640952,0.08058836777769285,,1.2780281430203248e-06,,0.5934959349593496,,0.0,,0.6658239938655338,0.27549519970984765,0.0561595898722449,,0.04878048780487809,,0.07317073170731703,,0.8871703351179854,0.22764227642276422,0.3367961580557921,0.1648269074616035,0.13821138211382114,0.34653325845241445,0.13821138211382114,0.3465332584524145,0.3821138211382114,0.3170731707317073,0.008130081300813009,0.02564102564102564,0.2727272727272727,0.1230975069838164,0.39698643897538927,0.14240407339907488,33.926321138211385,8.423864903074255,0.21234219286500833,0.25647547030152573,6.499491869918699,8.127547267533972,1.4063059078907918,0.4346708913866598,5.07350492477417
mw1,0.9057317073170733,0.015596729829047558,0.8881097560975609,0.040009428213336126,0.9104878048780488,0.0412884880143894,0.836219512195122,0.04998115845670447,0.8660365853658536,0.02370314362654082,0.9231097560975611,0.007302661960090394,0.9231097560975611,0.007302661960090394,0.09181141439205956,0.0,0.5,0.5983211225424633,10.891891891891891,37.0,1.0,0.0,2.0,403.0,37.0,,0.5105698644127744,,0.44905812414106094,0.30292559592344476,54100.31188014797,842383.9759165926,9345200.188258553,56836034.96166419,66.90447068737139,306.64914997769216,10196.761274513188,19.3560820021275,65.74181197643098,189.0021597334259,949.2426412773676,11.420591592203532,13.233004642847147,0.352597178248973,81.88519960128913,393.520776688298,5807.04912734515,31942.571952290487,251.88784241828733,1310.655329366399,67.43621573053501,305.6027558047523,1.865675660001265,3.5035327234137887,0.45645645645645644,1.0,0.0,36.0,0.2606815864464788,5805.183451685149,31939.89563785957,0.352597178248973,556.7656261748376,3047.325112808143,,2.500575452740979,1.540367293579814,0.03978140783191204,0.08314524405510572,92.21046256006986,434.57199379329626,9345200.188258557,56603978.67233798,0.7393184135535211,32.0,6.78125,2.672854883042933,0.03125,0.08245958525748019,1352.4271284271285,1664.897942210924,0.5,0.13258252147247765,31.0,0.8378378378378378,0.07692307692307693,2.8181818181818183,1.1677484162422844,1.7222222222222223,1.2274102605536659,5.904761904761905,2.860827117676813,0.08832465807665732,0.12372539830048794,0.122528076171875,0.12653314682276176,0.027027027027027032,0.0475801568981006,0.10901296043698323,0.13711102152114796,2.384393813908907,0.6866823472760274,0.012831644033245345,0.007210671432977805,0.3912435636292556,9.026547332495428,2.732293721407231,0.6707389369336088,0.04334365613093114,0.025934780123465152,54.01136790828641,8.770996150776899,17984.38611798664,0.2711893730418441,-0.1032085618053725,0.0,0.3990126433298758,2.350426723753815,0.0,0.3912435636292556,0.8344827586206897,0.41461374302023224,0.8202041899682728,0.939584722148544,0.04593830329103568,0.1691162992319743,,2.6130813573039684e-06,,0.6377171215880894,,0.1588089330024814,,0.5985820447154537,0.22388739583567802,0.056508837048026894,,0.0694789081885856,,0.0669975186104218,,0.9479893355663787,0.18362282878411912,,,0.13399503722084366,0.34107041040074326,0.1687344913151365,0.3749827677319946,0.2506203473945409,0.09181141439205956,0.0024813895781637717,0.02702702702702703,0.167420814479638,0.11085239599058866,0.2792815583101442,0.11876990355061198,131.99410669975185,27.84558575843759,0.1336051952397895,0.22801988697068437,15.328629032258064,26.295792495797983,1.17872615941241,0.35603442281998765,7.915863752365112
MegaWatt1,0.8733846153846153,0.04134522956629395,0.8300000000000001,0.037532366045670396,0.8615384615384615,0.04735197010662075,0.8021538461538462,0.07586693773934788,0.7944615384615384,0.08508247149648411,0.8855384615384615,0.028443745882283364,0.8933846153846154,0.018476489672322516,0.14624505928853754,0.0,0.5,0.556182804174399,6.837837837837838,37.0,1.0,0.0,2.0,253.0,37.0,,0.5213189737499633,,0.4339487048290625,0.31966552699542855,56705.670496205064,890666.7065150382,10047191.500061376,61104481.01915114,133.0930589375576,644.9025741749058,9661.801952850818,54.902430187906425,232.4966991441802,334.8289091433021,1759.509868887323,7.789177703764755,13.44284650003163,0.37319908309890976,139.7883473488552,702.1266584355852,5201.06287933443,28967.553908005448,344.99951834344006,1806.796176177897,124.78054236016564,595.5196175898585,5.690810764409803,15.69165897876001,0.45945945945945943,1.0,0.0,36.0,0.2717734723917149,5195.372068570021,28952.967432430734,0.37319908309890976,576.1685698367904,3159.9190712657464,,2.101922932138691,1.5697391520436932,0.04239455313711973,0.08677022395221076,169.0790813737759,834.2773039165335,10047191.500061372,60863216.08056024,0.7282265276082851,24.0,5.416666666666667,1.6918388932104944,0.041666666666666664,0.09973435952706114,280.83809523809526,246.05073407437519,0.5,0.058925565098878946,23.0,0.6216216216216216,0.09090909090909091,2.875,1.246423454758225,1.5333333333333334,1.3020130933435716,4.553191489361702,1.997917509703083,0.13286133051141974,0.13008928075152232,0.16341145833333334,0.12012656498758123,0.027027027027027032,0.06212060430884983,0.22568089656187104,0.24372138645138364,2.2589445496054554,0.6128650621485662,0.015491210638352385,0.009243310103743255,0.4899405783929423,10.475007662071407,2.7021127919583057,0.5972698954104316,0.046772336040092,0.02742838760122299,47.29659454403023,6.181016573646981,19510.520196260062,0.3396009305549768,-0.09755380677142057,0.0,0.2906516283394268,2.7282728869392066,2.6705960653662255e-08,0.4899405783929423,0.7644242833703311,0.464835053265938,0.8244871070958028,0.9404502656448167,0.046137604598528656,0.2058834679628871,,1.792670949591666e-06,,0.7628458498023716,,0.0,,0.5654119589712732,0.25297006559916896,0.07214719229129607,,0.09090909090909094,,0.12648221343873522,,0.9502101267009326,0.24110671936758893,0.39342551355160915,0.14492939121079548,0.1857707509881423,0.38969246474317204,0.15810276679841898,0.3655605031462896,0.36363636363636365,0.14624505928853754,0.003952569169960474,0.02702702702702703,0.18686868686868688,0.11049757473711327,0.3043158668486821,0.11636713373807932,78.35029644268775,18.444357823986532,0.18107546061832894,0.24645618124158336,12.673418972332016,17.654241026537253,1.2700377036374446,0.3896265982522312,6.3680760860443115
KnuggetChase3,0.8347368421052632,0.07339961748767934,0.7186842105263158,0.19947781168097792,0.7734210526315789,0.06025811414322964,0.7886842105263157,0.0699563465871678,0.6902631578947368,0.10039970901209704,0.8094736842105263,0.0338191740632182,0.8042105263157895,0.04764700406110301,0.20103092783505155,0.0,0.5,0.44467539847813814,4.9743589743589745,39.0,0.0,0.0,2.0,194.0,39.0,,0.602480452615825,,0.5235744438473288,0.34201681325975664,502356.82673309144,9080493.373061957,106327740.79683997,663986985.158089,293.6563531200535,1560.60913271035,35400.72415390308,119.88095483398486,590.360141998667,771.5287036048487,4290.331066186299,8.846271473489582,11.180904125765101,0.5698160683892278,289.98820353711136,1588.7941389141722,16178.524003474377,93280.74060100924,886.3264002316462,4953.75853976176,256.03141483568993,1359.4894355788413,11.037692164285826,39.02896858871852,0.5492577597840755,1.0,0.0,36.0,0.3629826957841693,16167.486311310091,93243.16622182638,0.5698160683892278,1796.8827308818984,10286.500065471144,1.9265598353061055,2.230271230317715,1.43031594530616,0.03307137294155124,0.04554297731355802,362.8697131613358,1955.9785814112875,106327740.79684001,661556841.8860233,0.6370173042158307,33.0,8.424242424242424,4.031363781574908,0.030303030303030304,0.058114950281240946,10780.226884226884,19579.2363768012,0.5,0.02142747821777415,32.0,0.8205128205128205,0.16494845360824742,2.1333333333333333,0.7432233529572065,1.5714285714285714,0.9783367810436533,7.569230769230769,4.107802144887027,0.05251416045182895,0.122533054711012,0.10664691347064394,0.14420994135630263,0.025641025641025647,0.03920840606116241,0.1728658797419139,0.13918419446564473,2.0681422841799666,0.4357104953167062,0.01906501144571664,0.023622962358294967,0.6921053253628725,16.684380178382316,2.718765377780965,0.43298675553997723,0.041482231761874044,0.01932905359228097,48.85609974053465,9.239018527424163,62377.06467174033,0.4797308549257987,-0.1475521920282752,0.0,0.3357469625660978,2.583352385724457,2.775298051418143e-09,0.6921053253628725,0.5667936024371669,0.4496344435418359,0.8437049302921853,0.9594043374874125,0.025824129485566855,0.21750634980906908,,7.590296656493744e-05,,0.8969072164948454,,0.010309278350515464,,0.6660715997127479,0.2766375883914178,0.10026893763020939,,0.12371134020618557,,0.14948453608247425,,0.9568232543309597,0.3556701030927835,0.38536333835089054,0.16838736822442632,0.23195876288659795,0.4231748721083919,0.24742268041237114,0.432630892111692,0.4793814432989691,0.20103092783505155,0.005154639175257732,0.02564102564102564,0.21910112359550563,0.10518331096753615,0.3424755235686961,0.11994323370182987,55.66623711340206,12.199098267102999,0.2964740544814066,0.25102179850148715,15.808795103092784,14.033850308703835,1.3442009213725592,0.38379681054910497,6.075295925140381
CastMetal1,0.8625,0.014837873278204622,0.7710227272727272,0.050518464127830676,0.8473484848484848,0.04913668717597815,0.8137310606060606,0.06261634984373722,0.8011363636363636,0.056326789234708526,0.8715909090909092,0.01230007967470459,0.8715909090909092,0.01230007967470459,0.11314984709480122,0.0,0.5,0.5254646722578932,8.837837837837839,37.0,0.0,0.0,2.0,327.0,37.0,,0.49746573144114525,,0.5297075104552941,0.3414972167529707,2795222.7516377065,56366253.027137846,697131459.5479475,4240333910.188286,318.86393930553726,1654.9773434850645,42662.64803027592,89.59778375997925,406.81003567565904,866.393785990976,4706.330192392655,22.110764455757398,22.10630723997016,0.32885448061486316,345.35843120279725,1833.1138803831275,60873.545324911945,346717.28518752137,1462.387455791054,8082.012124504642,299.5329797310201,1552.0074980270113,7.032432354533592,20.906362492793857,0.5645645645645646,1.0,0.0,34.0,0.24747215395827366,60866.51289255741,346697.4697900453,0.32885448061486316,4655.6691400715945,26348.033641066027,2.0045051233001687,3.541637729313734,1.9330829518524901,0.018793773506390325,0.0185137023446261,397.4580824882581,2083.4858622465476,697131459.5479473,4226436367.8759594,0.7525278460417264,41.0,7.146341463414634,2.2974004397335275,0.024390243902439022,0.06596043103827283,1523.5238095238094,1378.7870493107116,0.5,0.051739520574625435,40.0,1.0810810810810811,0.12232415902140673,4.0,1.8257418583505538,1.8181818181818181,0.9069238239845848,6.246913580246914,2.5422965218357736,0.09453968479864819,0.09843150360398359,0.09541730182926829,0.11581270475877735,0.027027027027027032,0.0291762055852906,0.17167069658506262,0.1996495253148776,2.4309614048392394,0.3688102890065848,0.010172463110790264,0.004021099967612731,0.5531453183526465,15.67086242977135,2.948809028452266,0.35929615260235487,0.03529769473961985,0.017237300806149856,67.87025973712132,2.5956500198832924,101048.48206125041,0.3834111178560703,-0.057610334796960844,0.0,0.3037798155367452,3.5124782697590495,1.1461096077168508e-09,0.5531453183526465,0.7115280338358095,0.458076305244866,0.8391024558638674,0.9720465774945061,0.019444962314106955,0.27312260802764954,,2.260452765361411e-06,,0.7584097859327217,,0.12232415902140673,,0.5571805983772166,0.2584018219955392,0.09755632378294699,,0.11620795107033643,,0.1223241590214067,,0.9685959842512322,0.2874617737003058,0.38653620388451077,0.14615728856683322,0.19877675840978593,0.3996912562429496,0.2018348623853211,0.40198471983049916,0.5107033639143731,0.11314984709480122,0.0030581039755351682,0.02702702702702703,0.17452830188679244,0.07274848997943724,0.2882635552505147,0.08897908674907071,118.41408639143731,22.236810675305595,0.22164273019206518,0.25085614973940973,25.368501529051986,29.656803827897978,1.044296169250843,0.34652636275416193,7.5005998611450195
MeanWhile1,0.8733846153846153,0.04134522956629395,0.8220000000000001,0.043253909918161325,0.8615384615384615,0.04735197010662075,0.8021538461538462,0.07586693773934788,0.7944615384615384,0.08508247149648411,0.8933846153846154,0.018476489672322516,0.8933846153846154,0.018476489672322516,0.14624505928853754,0.0,0.5,0.556182804174399,6.837837837837838,37.0,1.0,0.0,2.0,253.0,37.0,,0.5213189737499633,,0.4339487048290625,0.31966552699542855,56705.670496205064,890666.7065150382,10047191.500061376,61104481.01915114,133.0930589375576,644.9025741749058,9661.801952850818,54.902430187906425,232.4966991441802,334.8289091433021,1759.509868887323,7.789177703764755,13.44284650003163,0.37319908309890976,139.7883473488552,702.1266584355852,5201.06287933443,28967.553908005448,344.99951834344006,1806.796176177897,124.78054236016564,595.5196175898585,5.690810764409803,15.69165897876001,0.45945945945945943,1.0,0.0,36.0,0.2717734723917149,5195.372068570021,28952.967432430734,0.37319908309890976,576.1685698367904,3159.9190712657464,,2.101922932138691,1.5697391520436932,0.04239455313711973,0.08677022395221076,169.0790813737759,834.2773039165335,10047191.500061372,60863216.08056024,0.7282265276082851,24.0,5.416666666666667,1.6918388932104944,0.041666666666666664,0.09973435952706114,280.83809523809526,246.05073407437519,0.5,0.058925565098878946,23.0,0.6216216216216216,0.09090909090909091,2.875,1.246423454758225,1.9166666666666667,1.9752253419585197,4.553191489361702,1.9979175097030828,0.13286133051141974,0.13008928075152232,0.16341145833333334,0.12012656498758123,0.027027027027027025,0.05907093505931655,0.12152806526715719,0.14471316249009505,2.2589445496054554,0.6128650621485662,0.015491210638352385,0.009243310103743255,0.4899405783929423,10.475007662071407,2.7021127919583057,0.5972698954104316,0.046772336040092,0.02742838760122299,47.29659454403023,6.181016573646981,19510.520196260062,0.3396009305549768,-0.09755380677142057,0.0,0.2906516283394268,2.7282728869392066,2.6705960653662255e-08,0.4899405783929423,0.7644242833703311,0.464835053265938,0.8244871070958028,0.9404502656448167,0.046137604598528656,0.2058834679628871,,1.792670949591666e-06,,0.7628458498023716,,0.0,,0.5654119589712732,0.2529700655991688,0.0722190978967252,,0.09090909090909094,,0.1027667984189723,,0.9502101267009326,0.24110671936758893,0.39342551355160915,0.14492939121079548,0.1857707509881423,0.38969246474317204,0.16600790513833993,0.3728252707059211,0.36363636363636365,0.14624505928853754,0.003952569169960474,0.02702702702702703,0.18686868686868688,0.11049757473711327,0.3043158668486821,0.11636713373807932,78.35029644268775,18.444357823986532,0.18107546061832894,0.24645618124158336,12.673418972332016,17.654241026537253,1.2700377036374446,0.3896265982522312,6.501823663711548
PizzaCutter1,0.9228855721393033,0.017865378388003283,0.7843962008141111,0.18116220545629158,0.9168475802804161,0.031908568283931085,0.8895522388059701,0.05536526422718635,0.8593622795115332,0.03541182294373881,0.9198326549072817,0.007109999964840559,0.9243781094527362,0.012192669385918072,0.05597579425113464,0.0,0.5,0.595852461605003,17.864864864864863,37.0,0.0,0.0,2.0,661.0,37.0,,0.4971056299436148,,0.4693167762424104,0.33725121272294617,2035396.7523846433,40911166.68352149,505286435.11022437,3073474209.2947288,217.0738007891387,1125.1502399152746,104677.20685859426,66.70231805558632,305.7364767108302,603.2083708348911,3270.985985835069,61.98903375371298,62.640743818735096,0.32822234670954614,240.24731093358437,1274.5338728803429,78916.83734956304,448752.89536628855,962.8441153646738,5308.607789297069,203.97945596106553,1049.8866223161576,3.946216245056004,10.051133732364661,0.46996996996997,1.0,0.0,34.0,0.2471140073216381,78912.89113331797,448744.04029796354,0.32822234670954614,3961.8506678426575,22431.894736345672,2.285036696186606,5.6365238877503385,3.4711660461616636,0.018675131911574,0.024063536450611846,280.0860803024843,1469.669195926462,505286435.11022425,3063373245.7972264,0.7528859926783619,47.0,8.085106382978724,3.1542227543546772,0.02127659574468085,0.08263627872774634,6979.546098346096,12768.942794554709,0.5,0.015044825131628652,46.0,1.2432432432432432,0.06959152798789713,3.2857142857142856,1.5406577730392867,1.6428571428571428,0.9511897312113418,7.182795698924731,3.3262664687079515,0.06746934353064699,0.08299404193153005,0.08260524019281915,0.11245132684193704,0.027027027027027032,0.03623038584719236,0.09387366070919666,0.11537976099332874,2.641610192681838,0.5065351228472547,0.009041625831682153,0.006001626504724519,0.3974707552319077,10.403373569963405,3.0008749993761015,0.4963632405785991,0.03820594853764401,0.021756200954982728,68.14133253566735,29.282408784321397,131984.4484205176,0.27550573334402895,-0.1779535025116101,0.0,0.6467954915774257,1.91049166784522,1.6335147313972986e-11,0.3974707552319077,0.8304642852362916,0.4600650450369438,0.821886031265759,0.9503167865961304,0.03883336198284588,0.1836547472981402,,1.2290105055088818e-12,,0.6111951588502269,,0.14826021180030258,,0.5787555554696635,0.22750806531516013,0.05625497949512437,,0.06656580937972767,,0.06959152798789714,,0.9534790042135763,0.1361573373676248,0.307560688163475,0.14969513394095224,0.08925869894099848,0.28533270522396464,0.12102874432677761,0.3264076751313195,0.26021180030257185,0.05597579425113464,0.0015128593040847202,0.02702702702702703,0.1434108527131783,0.08387655943699646,0.24594268756375778,0.09442505050020869,245.62693835098335,38.38678222774183,0.1408675280986189,0.2282978219592515,32.7428139183056,53.46055634156547,0.996463287174978,0.2590542612358173,12.391484260559082
pc1,0.926969696969697,0.00780991229902097,0.37845208845208844,0.30207592207700884,0.9278705978705979,0.01848161642900723,0.8918018018018017,0.03866872178931693,0.8864373464373465,0.04491298737410874,0.9305733005733006,0.004262311568102663,0.9305733005733006,0.004262311568102663,0.018935978358881875,0.0,0.5,0.6089152173427889,52.80952380952381,21.0,0.0,0.0,2.0,1109.0,21.0,,0.3862074541571486,,0.632733397346544,0.22734863997502325,9113908.286123147,112468710.39197323,1391021744.8371449,6374271205.88076,5.136346834252755,13.238246287381743,79096.96177767329,2.310722146393858,5.107114304419852,638.0409300922461,2569.298930601163,115.3036967053075,106.83404122073313,0.17530385393179862,251.74476823143735,979.9243603706733,216793.89217730932,932348.7059610297,1500.9949668614038,6271.058526754399,183.5619009527422,691.9780164182786,0.3333333333333333,0.48304589153964794,0.6904761904761906,1.0,0.0,21.0,0.14915619764654603,216793.55884397597,932348.7870689083,0.17530385393179862,8678.609594362277,37168.38245556397,,7.986854455518879,4.0733421424444085,0.012637119973169433,0.01239065377193521,266.3437584501351,1033.9844778637855,1391021744.837143,6353362933.929644,0.8508438023534539,74.0,8.986842105263158,3.2103724438248866,0.013513513513513513,0.055878022372249404,22947.42293262293,54799.20408093324,0.5,0.13377695860286035,75.0,3.4761904761904763,0.06762849413886383,4.6875,2.725649769626807,3.75,2.712058841156426,8.052980132450331,3.4132840090255185,0.058611302551308,0.07849208174095611,0.058418892525337836,0.08861985693334477,0.047619047619047616,0.04973044862867436,0.1843666112276298,0.1570806805360679,2.9376186363236885,0.6653433284693523,0.006607209615140497,0.004253453718994713,0.36380010531923423,11.41204571808613,3.2695401359742933,0.6576857987520683,0.03187860566862904,0.013922682950797056,91.15016073348929,15.54785095941611,112552.41099662,0.25216701728943836,-0.10197667075333994,0.0,0.6208076881201624,2.173658150323757,0.0,0.36380010531923423,0.8516013307773544,0.37215006453690624,0.8155605759245816,0.9583174680466613,0.024066378039992054,0.2718830838136212,,3.7335793776129607e-06,,0.9467989179440938,,0.7096483318304779,,0.4761483680438415,0.22868059727786333,0.062403965131245354,,0.06762849413886385,,0.07033363390441838,,0.9586642935373423,0.13525698827772767,,,0.07664562669071236,0.26614835601767495,0.1776375112714157,0.3823797447634393,0.20288548241659152,0.018935978358881875,0.0009017132551848512,0.047619047619047616,0.11413043478260869,0.08151274707504289,0.2027363184079602,0.09692388803558738,547.0860572587917,32.04022184099623,0.12575975572442552,0.220227753012032,69.78454688908927,119.58609125514393,0.24749519037871348,0.19872477499491453,18.79362726211548
MindCave2,0.7044871794871794,0.09012181186874282,0.5756410256410256,0.14585739916015747,0.6737179487179488,0.13252859548610982,0.7128205128205128,0.0913470910133362,0.583974358974359,0.12186794928665831,0.6871794871794872,0.062061523489087375,0.6320512820512821,0.12271730462493319,0.312,0.0,0.5,0.2093036072312181,3.2051282051282053,39.0,0.0,0.0,2.0,125.0,39.0,,0.6722015245156463,,0.5425738190217623,0.3123999334625982,2327670.293005386,49319551.026626155,611400751.4369189,3818134265.978951,315.8663583713683,1710.175730337224,109285.90907941126,33.925002259390546,128.22012564175674,1506.860510635118,8571.527126978866,7.031866695165177,4.882965793516437,0.8243344343606519,489.54388732255563,2715.46714294232,27257.54754211658,158736.67775486087,1814.849207994062,10412.751330960195,357.8679566689982,1947.1533920707664,1.9399999984277365,2.546067139763141,0.5263157894736842,1.0,0.0,35.0,0.45185488956115905,27255.607542118152,158735.0242284367,0.8243344343606519,4242.4042966495335,24678.302600722185,,2.271511424168008,1.1064219752195714,0.02345548742997011,0.02836471000186087,558.5964039130037,3101.6457551770172,611400751.4369184,3805680186.8670726,0.548145110438841,23.0,5.833333333333333,2.407717061715384,0.04347826086956523,0.06096561591676633,695.9382395382396,1276.924287675247,0.5,0.09223131928520183,22.0,0.5897435897435898,0.176,2.090909090909091,1.4459976109624424,1.3529411764705883,0.6063390625908325,4.933333333333334,2.6577502447815458,0.08396075090294176,0.10525349749190308,0.16164232336956522,0.12467345833004091,0.025641025641025637,0.04340361371503913,0.33032567080583736,0.20062847341280352,1.8681255263367518,0.2526042394139214,0.03648798758007079,0.019251386106257214,0.9358415530325216,13.285927674497103,2.733528523932237,0.25411838781632506,0.0704385554370365,0.02945912296126766,25.521349206353737,16.00993633540919,135095.82093637178,0.6486759339353328,-0.1549412405013076,0.0,0.28618497108797103,1.6695796095692033,7.589540506967666e-09,0.9358415530325216,0.16111568788984332,0.4346490314517808,0.8667096774193548,0.9125867629758184,0.04678750331196909,0.22888719262062693,,1.9541949012890726e-09,,0.848,,0.0,,0.6812842807695267,0.31124966398119996,0.09778291748483958,,0.16800000000000004,,0.248,,0.970624,0.528,0.4206329984972972,0.1405837887454639,0.264,0.4425731213505125,0.352,0.47951588489951785,0.704,0.312,0.008,0.02564102564102564,0.26,0.08951112562546767,0.3848891322200931,0.12822554115543325,35.692,8.806999241233115,0.4409929863811705,0.1624857295114002,15.19175,6.8393516462659125,1.3418814562271733,0.4323628071242206,5.736490249633789
pc4,0.8779215871516296,0.0025493405164638953,0.8731176192725554,0.023548887053397374,0.9067076051015588,0.015357265639090095,0.8737883797827115,0.028976816382582978,0.8196032120925839,0.026138792270737843,0.8779215871516296,0.0025493405164638953,0.8779215871516296,0.0025493405164638953,0.025377229080932786,0.0,0.5,0.5344524505264577,39.4054054054054,37.0,1.0,0.0,2.0,1458.0,37.0,,0.568094029979932,,0.3509771131371364,0.24394434575062082,469154.38989657944,8762157.888000341,106280596.42179148,646390569.2598578,1.454861009246056,4.22738361987525,25643.671168560624,0.823184574769953,2.204269435582286,360.8931048833136,1933.796133945089,104.57528367337967,150.62107603980007,0.4765178155401371,116.14768775420725,590.4111844462395,41034.648565960895,230294.90716605244,583.4640333996684,3203.123381723994,83.70851507138562,409.277898820968,0.21675675674467473,0.47905609770660434,0.24324324324324323,1.0,0.0,34.0,0.32273082689883986,41034.43180920415,230294.94660207728,0.4765178155401371,1837.8290791353786,10284.036018420344,,6.4370161307695835,5.167201000013971,0.03634396323185577,0.0865223606927128,142.83245374852527,733.3158123234875,106280596.42179152,644186463.0764463,0.6772691731011602,98.0,9.969072164948454,4.179447751217215,0.01020408163265306,0.05323761581732406,228379.52053807903,791722.1384255602,0.5,0.07215375318230073,97.0,2.6216216216216215,0.06652949245541838,5.105263157894737,2.6435400684626007,2.7714285714285714,1.895594184134455,9.128205128205128,4.434979789232574,0.050404051871209804,0.0839165840004055,0.05112346337766063,0.07378057887174061,0.027027027027027032,0.052004514843295414,0.15934440738033256,0.1997478240244251,2.77851328667429,0.8265616015405456,0.016753399113700523,0.024325222997438587,0.5353247216329435,10.728397465204049,3.263940088010266,0.8294084765506509,0.04989792029696785,0.03671071445815306,54.683949754577874,26.59126666420524,48282.90253322274,0.3710588214839124,-0.10229127456835488,0.0,0.40444115222262916,2.835914963788132,0.0,0.5353247216329435,0.7271514486696478,0.4249050134632081,0.8321014015871536,0.9725195255720228,0.033119103864635804,0.18447681452629866,,1.7535828335114058e-14,,0.8765432098765432,,0.649519890260631,,0.6298135809571223,0.246709949975521,0.06660627960965237,,0.0775034293552812,,0.0960219478737997,,0.9670005701479563,0.19890260631001372,,,0.12688614540466392,0.33295959005083525,0.18930041152263374,0.3918814816875174,0.32510288065843623,0.025377229080932786,0.0006858710562414266,0.02702702702702703,0.115625,0.1048345034163159,0.2050807198357422,0.12084637414727308,548.6212277091906,88.17283608652399,0.2123267257284783,0.2470030948382213,114.62225651577504,135.96274782190994,0.9884282421140065,0.23108833912813775,31.65263056755066
blood-transfusion-service-center,0.762054054054054,0.004330326165275621,0.4730630630630631,0.09746336807809451,0.770054054054054,0.01507227520270554,0.7473513513513513,0.03669652958976612,0.5685405405405405,0.17601350848609318,0.7593873873873874,0.007907517634596059,0.762054054054054,0.004330326165275621,0.0053475935828877,0.0,0.5,0.3705693291779768,187.0,4.0,0.0,0.0,2.0,748.0,4.0,,0.35924419793165857,,0.46599826183085297,0.3452425228632078,5568.266569844439,8964.729360935104,532947.0217505496,1065615.4081046786,234.43798669735784,450.5080166328373,749.0272768600212,159.36293555602893,308.3459053249692,325.0625,616.7509078158432,10.11314442351075,7.549084686237917,0.14817996575332137,193.10864999999998,365.53908149549477,3180.5,6213.030902868583,356.99498663101605,681.2398449533911,259.75,493.6154880066062,63.25,124.50267734738344,0.5,1.0,0.0,3.0,0.12905639374756067,3117.25,6088.530275581018,0.14817996575332137,374.5345494748774,723.5752833444031,,2.2540426334608235,1.183456051730015,0.025117841091412796,0.009126015932186244,267.44944444444445,506.6477343453575,532947.0217505496,1065431.503059369,0.8709436062524393,196.0,10.155778894472363,3.2583775896175697,0.005076142131979695,0.00800197170939256,186034.89768490882,632557.2094212034,0.5,0.19741559880842696,197.0,49.5,0.2647058823529412,10.368421052631579,8.05681579172283,49.0,34.477045503735766,9.183879093198993,3.508135143828532,0.05502708474705212,0.07766413067351811,0.03007421062220281,0.04698352671922679,0.25,0.12527000508559022,0.22206201045932894,0.3660123071894243,2.8825407662002718,0.26857768785511843,0.010159305490259429,0.008808436508002898,0.7916446298452328,20.080307416122693,3.634761466250007,0.29642159929744066,0.03942392979549769,0.02791534888642555,72.11652544920737,37.43943829063241,1558.939157537309,0.5487262431826446,-0.11240614692755073,0.0,0.17854569896364497,2.841441129379773,0.0,0.7916446298452328,0.43093352477957514,0.42502168171692045,0.8818518279893192,0.9561966786773218,0.03178874867831526,0.5510268638124249,,0.2705741976879003,,0.9906417112299465,,0.9866310160427807,,0.6040925622454062,0.3197621493950793,0.19221709998826375,,0.23796791443850263,,0.23796791443850263,,0.9933155080213903,0.4772727272727273,,,0.2994652406417112,0.4583302827153047,0.40106951871657753,0.4904429934586687,0.3155080213903743,0.0053475935828877,0.001336898395721925,0.25,0.125,0.05094040724546149,0.2193211488250653,0.06762303488755886,368.9284759358289,16.752506794078062,0.3596590976989998,0.2236173857434586,133.14171122994654,82.67843956531425,0.3329655987718021,0.1190130415425343,7.437047481536865
breast-tissue,0.34909090909090906,0.0609384822799972,0.2654545454545455,0.0991978849858954,0.3481818181818182,0.1413596576139551,0.43,0.13985759515944526,0.35818181818181816,0.14246936744843441,0.36727272727272725,0.06272068476603761,0.31181818181818177,0.09763502811192762,0.08490566037735849,0.0,0.16666666666666666,0.030811191733121742,11.777777777777779,9.0,0.0,0.0,6.0,106.0,9.0,,0.39848970501294023,0.22586350508208575,0.1172590227853722,0.08655924169588834,102.59054856743538,75.67100150293163,885.01198961765,386.92083517260915,38.774378151001635,2.2568387353376314,53.41810526699163,19.543107157920094,1.3585573921163243,50.611111111111114,2.1473497877875207,-1.226232247120231,0.01657500826441722,1.6117928104282424,37.8063,1.7385026013785538,102.77777777777777,4.1466184348749096,51.58595387840671,2.7747857288708837,51.05555555555556,3.7785946829182113,1.0,0.0,0.0,5.0,0.0,0.0,0.998027516718362,101.77777777777777,4.1466184348749096,0.973484791196814,29.72747790834401,1.204233233177895,1.497518247618143,0.017817448281780158,0.04435996382370496,0.00031357647272434213,0.0004180605571425249,51.46180555555556,3.058951538690835,885.01198961765,69.86392268809132,0.28786258356606276,43.0,6.651162790697675,2.068858909436294,0.023255813953488372,0.02623065156832206,1218.9587301587298,1318.6191317063142,0.16666666666666666,0.034231631264836616,42.0,4.666666666666667,0.39622641509433965,4.2,2.250925735484551,4.666666666666667,2.5,5.741176470588235,2.366195163510552,0.1007404254289924,0.12415810849185689,0.1041061046511628,0.09800304391406332,0.1111111111111111,0.06429541309766895,0.0474504239333122,0.036656161906773406,1.999743186071085,0.0,0.0948196578844444,0.029929118400296,2.5646078191172523,11.150629738281204,4.33435432524185,0.07669041867037799,0.22999667994648793,0.07669041867037799,7.694661099179147,3.373917715660417,124.0386061182197,1.7776506790631137,-0.11908733829004205,1.0,-0.023445660612596085,4.96135208717319,0.00021628364243799264,0.9921257342811646,0.006865781524220238,0.4657293497363797,0.9487870619946092,0.8531201860154921,0.06469561371508699,0.22397471194343316,0.14019650016252286,0.13985825442035213,0.07522473387415102,0.655654385008467,0.11078221670269624,0.0,0.0,0.8835980160657632,0.26222111876492854,0.11598780850257526,0.06713741826212653,0.1155551400296895,0.07746785253464465,0.12248836485764256,0.08449255108954909,0.9837130651477394,0.7641509433962265,0.5109993800223671,0.11274393303997257,0.6320754716981132,0.48453161866680144,0.6415094339622641,0.481835364992828,0.9056603773584906,0.08490566037735849,0.08490566037735849,1.0,0.25,0.004783892007897262,0.375,0.0473352308643566,31.72877358490566,2.7218511567821904,0.8204634706413841,0.0407317548130137,26.096698113207548,2.526071379189098,1.1333335854443478,0.09451612561719368,2.850475788116455
PizzaCutter3,0.8782417582417583,0.004428802190780024,0.770934065934066,0.07700531971873177,0.8782417582417581,0.016897924634949373,0.20955128205128207,0.1822581249183354,0.8072802197802199,0.03084850734823198,0.8782417582417583,0.004428802190780024,0.8782417582417583,0.004428802190780024,0.03547459252157239,0.0,0.5,0.5349062803031505,28.18918918918919,37.0,0.0,0.0,2.0,1043.0,37.0,,0.4662813045182443,,0.3823818595531027,0.31804473843704745,17064238.79028563,369632268.5195236,4606873681.982911,28022078453.35926,196.2950533240986,1008.6426724544127,7428.178683966369,62.29614101003672,282.8719898634788,526.327033852957,2835.5611377248506,188.00604891553556,220.34909868098435,0.2778217819628099,218.90948854780171,1152.80204150845,367112.29342858214,2095786.63370144,1243.536337529495,6896.810244303149,184.1743198840602,938.6784114691214,2.7540540199827506,6.502005683315091,0.32732732732732733,1.0,0.0,34.0,0.21741825494323566,367109.53937456215,2095780.9703964663,0.2778217819628099,11897.953600797717,67744.73291079099,,9.431521464608137,7.604304269082197,0.017156546341957117,0.021889543832655754,246.506703589804,1280.6287517454548,4606873681.982915,27931674865.83851,0.7825817450567644,105.0,9.0,2.811377981319153,0.009433962264150943,0.0314768353560235,22772.03072483072,47067.80453573337,0.5,0.006734350297014714,105.0,2.810810810810811,0.10067114093959731,7.066666666666666,4.605379876787995,2.9714285714285715,2.202748474142278,8.047846889952153,3.070894328439943,0.06761560653584536,0.08159637667676667,0.04720551112912736,0.0723921946923865,0.027027027027027018,0.034679209012643826,0.1529832024669645,0.20362993156744674,2.879202541642817,0.5618951261130744,0.008855175545959647,0.007419049394791825,0.5344106667605463,12.02261996117291,3.369162775096278,0.5472523377776003,0.044450433307085084,0.02890216862160848,63.773329019132255,0.03607194840909894,62466.3437086741,0.37042524692623313,0.008882183839742543,0.0,-0.18412495311120983,13.004738611620304,1.3992758832766588e-11,0.5344106667605463,0.7279372299560913,0.45330247256678147,0.8330171162102528,0.984394109085933,0.027083958759962837,0.2896460090479876,,1.7155615700425687e-20,,0.7641418983700863,,0.5378715244487057,,0.6242351380118969,0.23011018457431232,0.105194264617683,,0.12080536912751683,,0.12272291466922336,,0.969559194336714,0.2224352828379674,0.3375771958417188,0.15552852617587012,0.13902205177372962,0.3461355099666801,0.1850431447746884,0.388518858135799,0.3835091083413231,0.03547459252157239,0.0009587727708533077,0.02702702702702703,0.11858974358974358,0.07737442290728708,0.20934215812733925,0.089633194211925,407.7689357622244,59.704377320035526,0.21214732517568313,0.24795739570277844,84.80327181208054,100.31225009389678,0.9337799206326469,0.22391876412142503,23.447888612747192
PieChart1,0.9064185110663983,0.013352121704842596,0.8170020120724347,0.08541121745914629,0.9121730382293762,0.031549320013039506,0.8796177062374246,0.04530227742707178,0.8497585513078469,0.04236908918369476,0.9120724346076459,0.008716400588214459,0.9134808853118713,0.004284029355512081,0.0524822695035461,0.0,0.5,0.584742203449301,19.054054054054053,37.0,0.0,0.0,2.0,705.0,37.0,,0.4833859689834096,,0.4538475783832724,0.32443378968926284,4478645.033420751,97966818.05200751,1224512768.971738,7448234545.340714,239.5974655677679,1246.8999468967647,93770.11391395004,69.31480129279726,318.1475730398131,682.1440385958633,3707.5710997180836,55.92660053921706,60.07343045254219,0.30490722564788886,260.41749854327657,1381.1152076029207,123113.91474853335,703397.795726205,1283.639735522217,7131.231973732578,217.36162524036055,1118.985375853401,3.944864893684516,10.05167546713037,0.4624624624624625,1.0,0.0,34.0,0.2336619950100298,123109.96988363967,703388.9556045646,0.30490722564788886,6136.712389476183,34925.94570848828,2.0300001940554058,5.322628847311638,3.286854809393212,0.017764310744223275,0.02397552277165996,309.0828413636784,1626.9581455431728,1224512768.9717383,7424343841.430561,0.7663380049899702,45.0,7.5,2.697735676039774,0.020833333333333332,0.07707052704958903,6904.763991563992,13109.907331205683,0.5,0.01443075063646017,45.0,1.2702702702702702,0.06808510638297872,3.4285714285714284,1.785164750607962,2.2,1.5078740698501039,6.629213483146067,2.9363784995370423,0.07884760949971999,0.08934917243825369,0.08909505208333333,0.10971944498406164,0.02702702702702703,0.032634665173571636,0.08678041037079562,0.12112000961972078,2.6511213280783084,0.48983540879741566,0.008632423804752706,0.006023295651144855,0.42476250104906466,11.475086665895137,3.0388677687335552,0.47940630474376805,0.03701606039381753,0.02302343933103653,70.62083970775836,10.967206880077807,140804.85644023,0.29442293000974995,-0.1023539856651668,0.0,0.5568057318807678,2.2700134033304775,8.39897447884929e-12,0.42476250104906466,0.8122435519061696,0.4483562329852887,0.8255037072856222,0.9576974284775275,0.035317068978915615,0.2086497945440335,,1.3762867435851545e-10,,0.6283687943262412,,0.19290780141843972,,0.6018961560695596,0.23232359705388,0.061119751446749415,,0.07659574468085106,,0.09361702127659577,,0.9590221819827977,0.16170212765957448,0.312010834025985,0.15277537901249594,0.09078014184397164,0.2875001752024808,0.13900709219858157,0.3461995470391084,0.28936170212765955,0.0524822695035461,0.0014184397163120568,0.02702702702702703,0.1434108527131783,0.08115729323108212,0.24594268756375776,0.09200236433300546,266.6512854609929,40.20900325373642,0.15466438872596003,0.23397089691568362,39.14552304964539,59.68165357328172,0.9711172208404516,0.252243839862448,14.198647737503052
fertility,0.8800000000000001,0.04216370213557838,0.8,0.149071198499986,0.8300000000000001,0.08232726023485648,0.8,0.10540925533894599,0.7999999999999999,0.13333333333333336,0.8800000000000001,0.04216370213557838,0.8800000000000001,0.04216370213557838,0.09,0.0,0.5,0.5374011537017761,11.11111111111111,9.0,3.0,0.0,2.0,100.0,9.0,,0.3447226575870405,,0.12304285966192036,0.09384476323292995,0.018989236108426132,0.020598130449883362,0.2576842368933703,0.2606324943659935,,,0.5853834013954273,,,0.7377777761883206,0.63637209741915,-0.36957370724068467,1.506300398760328,0.13485957428313886,0.1787356680413087,0.3238989889176007,1.0,0.0,0.3876555556472805,0.40746242050096243,0.2800000011920929,0.6742217773533085,-0.2488888887067636,0.584817160608336,0.0,1.0,0.0,3.0,0.11883371065387198,1.2488888887067635,0.584817160608336,0.13485957428313886,0.4445248246523914,0.259984916497616,1.240310266458904,-0.042550422695808776,0.9349274459114972,0.297828371902446,0.1773110322951986,0.35981481505764856,0.49498742788855543,0.2576842368933703,0.24692407997163737,0.8811662893461281,22.0,5.318181818181818,1.5239786161593025,0.045454545454545456,0.09440173892301089,215.44761904761907,131.6758803696236,0.5,0.2766939578556055,21.0,2.2222222222222223,0.21,2.625,1.407885953173359,2.857142857142857,2.1157009420498154,4.465116279069767,1.843248132138873,0.14054513353696532,0.09748841258442388,0.17113095238095238,0.12856025445407931,0.1111111111111111,0.06959268714572575,0.08569779096328979,0.1525809138843264,1.1962699563880166,0.6209649008806893,0.06723036400183441,0.16255024909201604,0.5293608652873644,36.21793498882956,1.7110148347216623,0.6131286876091494,0.014615986953718685,0.012257007558638315,80.84667653138912,1.5692950376323238,2.1121737130979072,0.3669249912727096,-0.0353570042749648,1.0,0.02033994397000343,5.000435834576968,0.0,0.5293608652873644,0.7322515212981744,0.5050587467362924,0.8472727272727273,0.9874257706360443,0.012225393653501993,0.4439552098915959,,0.38382976155419507,,0.98,,0.95,,0.5230398580491984,0.24583371633619083,0.10713434723972093,,0.12,,0.12,,0.9028,0.24,0.3464466925827058,0.18580686725156922,0.15,0.3588702812826367,0.21,0.40936018074033237,0.27,0.09,0.06,0.6666666666666666,0.39130434782608703,0.1987758982057681,0.48484848484848486,0.11234205718657518,26.255,1.6101124560763205,0.21013604502209696,0.25078496136899625,5.5225,6.50493645105955,1.2751092715088475,0.1075551142993634,2.451270580291748
PieChart2,0.9785585585585587,0.006824155010998541,0.9691891891891892,0.015419652837257722,0.9584324324324325,0.01933375220060336,0.9221621621621621,0.059621522096204825,0.9543603603603603,0.02211728327042698,0.9785585585585587,0.006824155010998541,0.9785585585585587,0.006824155010998541,0.04832214765100671,0.0,0.5,0.6767344093771924,20.694444444444443,36.0,1.0,0.0,2.0,745.0,36.0,,0.38850912550919353,,0.49473388100718424,0.35631148094118437,354895.8814054054,6037026.5378993815,72141978.58931714,432819692.94743973,71.39974590952758,342.6091282064605,33403.90653622755,24.563410755116088,97.70545935766097,180.79027752862828,942.476211270654,132.59292204963452,121.84248783983281,0.17777215200534452,75.75509236514661,378.371734076883,26635.33019944032,146987.01136462906,394.7182952206562,2103.622542819484,66.96305444577916,304.8783009741147,2.104166637485226,4.2438225343113585,0.5158730158730159,1.0,0.0,35.0,0.15093934060391828,26633.226032802835,146983.36526997702,0.17777215200534452,1538.1102403258549,8471.705912211855,,8.312763561059464,5.5267204551384745,0.03570105807287147,0.081793623796373,90.53960104600014,432.43034254808117,72141978.58931708,431298493.106255,0.8490606593960818,23.0,6.0,2.215646837627989,0.04347826086956521,0.14693583474384164,498.5269841269842,658.5577513827964,0.5,0.09223131928520183,22.0,0.6111111111111112,0.02953020134228188,2.2,1.1352924243950935,1.4666666666666666,0.6399404734221844,5.155555555555556,2.4116719545082446,0.09069590154591681,0.11095316553540968,0.14359714673913043,0.1432041217136402,0.027777777777777783,0.042085611532330654,0.12982342137353844,0.14258961554474758,2.628722313288586,0.702226601672,0.004001954053034398,0.002466100041063958,0.1496523493705478,8.385893788219201,2.7605289382617197,0.6939638135419783,0.017845724397414227,0.010750670209038336,146.30263982276207,6.7788410821319385,48366.98962240544,0.10373110403036712,-0.08253771055357455,0.0,0.6367015436800624,1.9749878932788862,1.9523072721280142e-09,0.1496523493705478,0.9561253872036141,0.4579710467999387,0.7987695749440715,0.9896338148087445,0.005751044045240865,0.10857306137736909,,5.029198989056311e-16,,0.35838926174496644,,0.0,,0.5497941525754008,0.2026809460929306,0.01926673169843085,,0.018791946308724827,,0.028187919463087296,,0.8530714832665195,0.05771812080536913,0.2247310651786483,0.15301412173493648,0.040268456375838924,0.19672023933873803,0.04697986577181208,0.21173789557380837,0.11812080536912752,0.04832214765100671,0.0013422818791946308,0.027777777777777776,0.13584905660377358,0.10208911167096603,0.23530620632963423,0.11479673946150187,306.7675755033557,51.12678829026734,0.04144566660532572,0.1391714281382088,12.252768456375838,41.62953992378335,0.83068620150113,0.26796490699987535,14.95011568069458
planning-relax,0.7146198830409357,0.016027138238670136,0.6210526315789473,0.05286929207169067,0.7035087719298245,0.044604888062264564,0.642982456140351,0.10139684969587758,0.5827485380116959,0.08892446964088738,0.7035087719298246,0.036107132021329584,0.7201754385964912,0.02567814585800983,0.06593406593406594,0.0,0.5,0.30304576336566325,15.166666666666666,12.0,0.0,0.0,2.0,182.0,12.0,,0.14652314716405793,,0.2065029405395289,0.2522978593191091,0.03493115072990773,0.04430906010511835,0.17277550566475527,0.19999465935299962,,,0.11939231827681168,,,0.5185152109091481,0.1024527587177375,0.4535463169758096,0.6673122012640503,0.02194006461860679,0.3852850535199031,0.07566641385135851,1.0,0.0,-0.004839777191385013,0.004599643251269418,0.00010766656608514798,0.017092593610311076,-1.2768375078837078,0.3975283344352569,0.16666666666666669,1.0,7.0,11.0,0.021469032654860176,2.2768375078837075,0.3975283344352569,0.02194006461860679,0.4121737248943032,0.05613288945004923,1.056098032959984,-0.160938533249453,0.3164376011995903,0.00020739159551314283,1.6810829877141216e-05,0.0013190279141285421,0.011759494746875009,0.17277550566475533,0.04640138913616839,0.9785309673451398,35.0,9.634146341463415,3.1524284096627446,0.02631578947368421,0.031580533391485976,6911.62433122433,7527.816796209247,0.5,0.020203050891044183,37.0,3.3333333333333335,0.21978021978021978,2.8333333333333335,1.5859229221975182,3.090909090909091,2.256304299271065,7.478260869565218,2.913501509969293,0.06950009677695888,0.12643977398766945,0.05767673399390244,0.12431442223784274,0.08333333333333333,0.07159740936223905,0.06247305714069439,0.11401993939701675,2.3217614593051623,0.0001254254183115398,0.0030373815139915785,0.001722526323867792,0.8631205685666311,97.20473725299348,3.1760026193886426,0.005116887823375541,0.00887940848315035,0.00505579347168358,260.4770413717264,0.25431486976469153,1.9143817104988172,0.5982695885852573,0.02752463852589111,0.0,-0.012821185575421279,22.490166339814696,1.2934786608857278e-05,0.8631205685666311,0.31034482758620685,0.5557516079458136,0.8779066237629773,0.998776493365718,0.0010361100937253164,0.9040447823986757,,0.0723725279863309,,0.9010989010989011,,0.5659340659340659,,0.706842621860468,0.23653334045469887,0.22179784484353027,,0.2857142857142857,,0.2857142857142857,,0.9862939258543654,0.6043956043956044,0.45872009309081024,0.1353431862782003,0.37362637362637363,0.48510069919694243,0.3076923076923077,0.4628116735064832,0.9065934065934066,0.06593406593406594,0.03296703296703297,0.5,0.19999999999999993,0.003068396775594876,0.32,0.04017596264774273,77.74175824175825,8.937866829735825,0.4117139145278242,0.19392487818416015,32.08791208791209,15.728658856644225,0.8162282687302808,0.1390903332100764,3.3306970596313477
parkinsons,0.833421052631579,0.12402311413955913,0.7992105263157896,0.06777756333566831,0.8076315789473684,0.1537239093963541,0.6957894736842104,0.17427773831098167,0.7568421052631578,0.12344570758368709,0.7118421052631578,0.09292658036459713,0.8044736842105262,0.12779982279355243,0.11282051282051282,0.0,0.5,0.358992673525478,8.863636363636363,22.0,0.0,0.0,2.0,195.0,22.0,,0.7019570367898963,,0.5017544877807999,0.3035765381872362,13.301180115834427,124.0045453293001,545.4066955992519,1917.370191811945,,,63.82499558840154,,,9.949752504277884,25.06879598515038,5.2625643010180445,6.230891527743826,0.97138993350506,6.891130521969453,17.452541511356827,51.38160010549473,141.15003088720715,22.19798414798051,55.99560158950219,20.438498109632167,51.30337685365506,11.766661810575131,30.561844219321973,0.5108225108225108,1.0,1.0,19.0,0.49274368149885184,39.6149382949196,112.49982960826671,0.97138993350506,8.317174934710552,22.33627044741658,,1.631860606963479,1.314798142962199,0.0024540135492048284,0.010126558817018906,20.617734237188444,51.78438747691611,545.406695599252,1826.35808930069,0.5072563185011482,15.0,4.2,1.01418510567422,0.06666666666666667,0.13044202402027594,75.2,39.6614242234009,0.5,0.04714045207910316,14.0,0.6363636363636364,0.07179487179487179,2.3333333333333335,1.3662601021279464,1.5555555555555556,1.0137937550497034,3.3793103448275863,1.4494775685311163,0.19028747628660592,0.15538328438946714,0.24375,0.09896224929595267,0.045454545454545456,0.09489604327965272,0.18090982818609508,0.17897163126392743,2.319973081433599,0.009000632197165546,0.05106460367040417,0.020259525038955423,0.8051250074646823,5.0393264167699705,2.9653297109687684,0.062288425080283726,0.15976837792951282,0.06251117275240549,13.52085269625215,13.047522957119742,140.67971909205664,0.5580701289224494,-0.1586731468920955,0.0,0.1885838098969225,2.852434997984044,9.511907960105934e-07,0.8051250074646823,0.40986074520135485,0.41587512596753784,0.8488501189532117,0.8758284811677853,0.07020239737140867,0.16286150405682445,,7.711675314389003e-10,,0.6410256410256411,,0.0,,0.6904278994261964,0.2968534657654321,0.07727808233765476,,0.08205128205128209,,0.14358974358974363,,0.8953846153846154,0.15384615384615385,0.3212137577007712,0.10295773300692482,0.06153846153846154,0.2409339480594585,0.2717948717948718,0.44602986236113823,0.3230769230769231,0.11282051282051282,0.015384615384615385,0.13636363636363635,0.2,0.010580620312864247,0.31999999999999995,0.06437866520370802,71.37371794871795,12.429159702582675,0.35598601673165875,0.21691979533006633,25.17051282051282,15.986567001014558,1.0095914694253598,0.26437902817900966,4.306987762451172
climate-model-simulation-crashes,0.9148148148148149,0.009562921842487434,0.8481481481481483,0.029987550127138548,0.9111111111111111,0.022764307301957762,0.888888888888889,0.040945985066116034,0.8481481481481481,0.02276430730195774,0.9148148148148149,0.009562921842487434,0.9148148148148149,0.009562921842487434,0.037037037037037035,0.0,0.5,0.586636736984395,27.0,20.0,0.0,0.0,2.0,540.0,20.0,,0.4335460220176437,,0.01704721757540584,0.07339950357571844,2.837166337392875,34.68215701170277,1352.6006486091555,5447.659157695474,13.787685860130873,46.354209711929606,168.8121215987803,5.669866691084262,18.511809351266777,18.473585750162602,62.33325309384205,-1.2216459825427424,0.0668271781175761,0.23146969559327968,13.732440029029098,46.30818627101691,36.998766747117045,124.95215419146201,18.575018532689352,62.60491156994356,18.574948600679637,62.60493282548247,0.15120369999713149,0.3658303797332314,0.005263157894736842,1.0,0.0,0.0,0.18796215320732318,36.84756304711991,124.69500573547818,0.23146969559327968,10.688349993506497,36.10452403531001,1.0342168736245851,2.886967107568736e-05,0.0006582723830819456,0.016790696713834798,0.07421990339718375,18.575005609608816,62.60491549743184,1352.600648609155,5445.447537518723,0.8120378467926768,35.0,6.777777777777778,2.331291623740075,0.027777777777777783,0.09505714732771794,1293.8539682539683,1289.8646662712908,0.5,0.020203050891044183,34.0,1.7,0.06296296296296296,3.5,1.5811388300841898,2.1176470588235294,0.8574929257125442,5.887323943661972,2.5665390580348686,0.09902808364024376,0.13064887786374496,0.1125217013888889,0.1204297370750082,0.05000000000000001,0.04704802792132023,0.02762020949701452,0.12109852594825825,2.9291946900944055,0.31639943453124336,0.0033632193541377415,0.00405122956781028,0.4201910370851764,23.650594036278346,3.3316191105592714,0.31380320706354364,0.017766616620311225,0.02305006308992326,163.87070964010553,48.21314685905203,221.3858710924352,0.29125423265214945,-0.07664681300895926,0.0,0.06483155778920546,1.3979267620937668,1.701663784021003e-07,0.4201910370851764,0.8153661152458643,0.676770927208648,0.8403147117432832,0.9857917876085697,0.028392591000993554,0.2524011342824328,,0.3449172729262433,,0.7944444444444444,,0.4444444444444444,,0.5796211518985779,0.16337158816119565,0.07844573512781827,,0.08518518518518514,,0.08518518518518514,,0.9588168724279835,0.19814814814814816,0.4491704363767309,0.046134313680427017,0.14629629629629629,0.353730693744312,0.06111111111111111,0.23975611190807822,0.8796296296296297,0.037037037037037035,0.003703703703703704,0.1,0.12903225806451613,0.028815733124592985,0.225,0.03255853147823255,114.7375,9.07926181635215,0.15274544792402778,0.23123221965069088,17.328703703703702,25.901193197942955,1.8067775727625435,0.08631637532538387,7.910796642303467
banknote-authentication,0.8527557389188617,0.03610296320108403,0.7943986036178992,0.05327037683713717,0.9766740717232626,0.009606629139695812,0.8410769068020736,0.04021180759421389,0.9992700729927007,0.00230823186873604,0.6246323918332805,0.005283566453964438,0.5553898233365069,0.0013604071883372047,0.0029154518950437317,0.0,0.5,0.07833836059792652,343.0,4.0,0.0,0.0,2.0,1372.0,4.0,,0.929974435530118,,0.4256248586398496,0.20115753917205195,6.667856258395889,6.690612398174783,16.37940612713421,22.541871773152696,,,6.8251902862313,,,5.169946148991585,2.403008423903444,0.13532212575420677,0.9143370884339473,6.399320264941941,3.774540219591558,1.9883103105770445,10.038325190544128,6.798080409188472,0.6405147446054469,1.3682029671567981,0.7114525139331818,1.2009306200561856,-8.66237485408783,3.6586459113200682,0.3333333333333333,1.0,0.0,2.0,0.8648524507395617,18.700700044631958,7.471094960680553,6.399320264941941,3.7807131424049243,1.6675787885358,1.1096941881637274,-0.11903069994481488,0.8832536631564671,7.019218105145433e-05,4.892169632139492e-05,0.6875092306583058,1.2762182624927894,16.379406127134207,13.456613262557596,0.13514754926043823,27.0,5.407407407407407,1.337600010905274,0.037037037037037035,0.07350684396576247,262.7809523809524,147.7769153260979,0.5,0.07856742013183865,26.0,6.5,0.018950437317784258,3.7142857142857144,1.889822365046136,6.5,2.516611478423583,4.528301886792453,1.7387415164301767,0.1611537180807404,0.11589578042718239,0.15219907407407407,0.10841288658399918,0.24999999999999997,0.23665662310060243,0.07073367549921593,0.03808910374616643,3.4594097747073844,1.6114746737255955e-05,0.024286779730748016,0.024028284464771867,0.9911281257467459,4.650453395733756,4.2374128476031565,0.22353036055417838,0.2131250528509735,0.22354371307580517,15.231830694847298,292.0104353667595,11.232715251854703,0.6869976659350199,-0.21415838526294378,0.0,0.18360429548178378,1.9378340116509973,8.492486946874479e-08,0.9911281257467459,0.024249955916804566,0.30259760297321225,0.8534544170903747,0.8130017413392832,0.24211839374189573,0.03720341295325641,,0.1562658476995563,,0.6610787172011662,,0.3534985422740525,,0.6665826459860406,0.3446668442846847,0.004733418948247969,,0.012390670553935834,,0.07069970845481055,,0.9244208408061267,0.004373177842565598,0.10317682300047978,0.062169235839710006,0.0014577259475218659,0.03816625066840924,0.010932944606413994,0.10402549002731093,0.029154518950437316,0.0029154518950437317,0.002186588921282799,0.75,0.0909090909090909,0.0005060375469078335,0.1652892561983471,0.013928192090588981,672.0225947521866,25.606529023629665,0.4527786104833399,0.06796748737223748,327.963556851312,41.47686429745329,0.45328079183519404,0.09234893668028459,17.267894983291626
pc3,0.8976318797974849,0.0003155615819301921,0.8611301649518209,0.030815913000849588,0.8944063367630246,0.020677433443696897,0.2868365180467091,0.20956029024335548,0.8388004246284501,0.02013769695959302,0.8976318797974849,0.0003155615819301921,0.8976318797974849,0.0003155615819301921,0.023672424824056303,0.0,0.5,0.5623376385251942,42.24324324324324,37.0,0.0,0.0,2.0,1563.0,37.0,,0.4445549315642372,,0.4058309981209081,0.3006640531454497,12768345.759918831,278742720.7997014,3478069075.678245,21155908969.609665,4.113456376165812,10.98799798357555,1313.7775155183726,2.000276877590522,4.58900820752607,356.1205283821233,1884.8012575302412,237.87796440372114,271.6719299721915,0.24630639523437803,142.54637674798715,729.5396098267817,367116.38613144774,2095785.8972696767,1008.1458673200433,5596.584788353006,105.65810599399579,521.8270418635954,0.29891891888267286,0.5189454252379375,0.3408408408408408,1.0,0.0,34.0,0.1976290871780836,367116.08721252886,2095785.9508155265,0.24630639523437803,10334.50299077661,58863.51529259099,,10.304517683297416,8.381371448476138,0.016497397299824537,0.02161396725973918,154.92716718452144,789.0925519024657,3478069075.678246,21087815464.421608,0.8023709128219164,135.0,10.088888888888889,3.4020772115332463,0.007407407407407409,0.027186772843903445,155385.60972319733,542740.7429628097,0.5,0.057616108096681655,134.0,3.6216216216216215,0.08573256557901472,7.052631578947368,5.306952297699545,3.9411764705882355,2.4856092048891334,9.130111524163569,3.6223014127525865,0.05128456422899681,0.07834151335043424,0.036728159586588545,0.06794924250031084,0.02702702702702702,0.03022672175802195,0.16866958159670625,0.2039484905713714,2.8956659163709317,0.6882030391142526,0.008790190692814889,0.0070627591172928075,0.4764549714253225,11.836604566330898,3.3318682149325687,0.6767649115064714,0.040252672863685404,0.02119051524255547,70.93723324105773,0.0019250623823341905,55802.39474162841,0.3302534201072316,0.004732963140872859,0.0,-0.09142622627810353,65.06821699303937,0.0,0.4764549714253225,0.7748455498445594,0.37261428246847994,0.8297268049640248,0.9831119363790475,0.02346687938816738,0.27895096782543066,,8.126405327400517e-21,,0.9353806781829814,,0.8682021753039028,,0.6531843357675812,0.20121635450302283,0.09178699284318759,,0.10172744721689064,,0.10940499040307106,,0.9774651254272977,0.19193857965451055,,,0.12028150991682661,0.3253945464236869,0.1695457453614843,0.37535333544161953,0.26615483045425464,0.023672424824056303,0.0006397952655150352,0.02702702702702703,0.11212121212121212,0.08751260617226266,0.19950445423767282,0.10249554412396628,586.1427143314139,81.22434952024943,0.18195440421586914,0.2413630475382523,104.00587811900192,138.81300915951817,0.9578498335066338,0.19834402418634695,41.84043598175049
seeds,0.6523809523809524,0.02300218531141178,0.6142857142857143,0.08232573003104723,0.9666666666666668,0.07462005887963911,0.8904761904761905,0.1167503209424336,0.8761904761904761,0.12130141698122414,0.6333333333333332,0.05044523359387523,0.6047619047619047,0.10777298537630448,0.03333333333333333,0.0,0.3333333333333333,0.0,30.0,7.0,0.0,0.0,3.0,210.0,7.0,,0.8956314739518827,0.04625808831009532,0.6115307708300497,0.33560293747065845,0.532153128726371,0.8562472910117958,1.859092519252681,4.017513776369292,6.792813184076204,5.518782310664243,4.6704505798501135,6.686388414294706,5.4869201048200855,1.6721963052238737,1.70143627245089,-0.764292762595786,0.433529211729815,9.152725004758258,1.1219999175846576,1.1487713474879269,9.2946144257273,7.274342433497896,6.896174075733236,5.560538031370537,6.732992896011898,5.412620189444874,5.231600046157837,4.603360990850947,0.6190476190476191,2.0,0.0,2.0,1.6064512850005488,4.063014379569462,3.8389829799849338,6.236769369450862,1.0078718707316925,0.9918843749889532,,0.26361080399234094,0.37523819607034903,0.0007820550746615981,0.0006242293961254164,6.801601472084754,5.467065465571006,1.8590925192526815,3.0447296739323066,0.035287224855947354,16.0,4.4375,1.0935416468216166,0.0625,0.1052064881071206,89.46666666666667,40.525613299903725,0.3333333333333333,0.14433756729740643,15.0,2.142857142857143,0.07142857142857142,2.5,1.378404875209022,2.5,1.6431676725154984,3.6129032258064515,1.4983862286882446,0.16984533482253455,0.07844538137044721,0.220703125,0.1126554192641585,0.14285714285714285,0.21306297524289017,0.2394468069050579,0.20868430233084984,2.3218579864626365,8.744056841708749e-05,0.23474911421157926,0.1025265213226178,1.584962500721156,2.054824476525204,3.135483315163438,0.3380813195239266,0.7713371720203545,0.3380473604186219,2.0101725557722325,310.4283601048674,5.511790249925518,1.0986122886681096,-0.6078052843572066,0.0,0.41450829256985405,0.8123078814159431,9.303726781646574e-06,0.9999999999999998,0.0,0.2953584710656286,0.8446115288220551,0.3182269256625951,0.21095890223936792,0.041986777553556655,0.02118215280913818,0.0022065503952369927,0.0028772401055239707,0.21666666666666667,0.22546248764114474,0.0,0.0,0.7974904324584045,0.32590649250808074,0.008655197684237984,0.010748410904082706,0.014285714285714271,0.01428571428571429,0.01666666666666668,0.014869042853329528,0.8854421768707483,0.12857142857142856,0.29115054209590596,0.12634057863400727,0.06666666666666667,0.25003986922918264,0.02857142857142857,0.16699671126136617,0.21904761904761905,0.03333333333333333,0.009523809523809525,0.2857142857142857,0.20000000000000004,0.0020004001200400125,0.32,0.0784305821525441,87.975,8.093897961459998,0.5322775753686283,0.07567256783548137,53.625,8.06031019740983,0.6441030772320987,0.07268049966945002,1.995859146118164
seismic-bumps,0.6523809523809524,0.02300218531141178,0.6142857142857143,0.08232573003104723,0.9666666666666668,0.07462005887963911,0.8904761904761905,0.1167503209424336,0.8761904761904761,0.12130141698122414,0.5142857142857142,0.04918074090422117,0.5952380952380952,0.0785674201318386,0.03333333333333333,0.0,0.3333333333333333,0.0,30.0,7.0,0.0,0.0,3.0,210.0,7.0,,0.8956314739518827,0.04625808831009532,0.6115307708300497,0.33560293747065845,0.532153128726371,0.8562472910117958,1.859092519252681,4.017513776369292,6.792813184076204,5.518782310664243,4.6704505798501135,6.686388414294706,5.4869201048200855,1.6721963052238737,1.70143627245089,-0.764292762595786,0.433529211729815,9.152725004758258,1.1219999175846576,1.1487713474879269,9.2946144257273,7.274342433497896,6.896174075733236,5.560538031370537,6.732992896011898,5.412620189444874,5.231600046157837,4.603360990850947,0.6190476190476191,2.0,0.0,2.0,1.6064512850005488,4.063014379569462,3.8389829799849338,6.236769369450862,1.0078718707316925,0.9918843749889532,,0.26361080399234094,0.37523819607034903,0.0007820550746615981,0.0006242293961254164,6.801601472084754,5.467065465571006,1.8590925192526815,3.0447296739323066,0.035287224855947354,16.0,4.4375,1.0935416468216166,0.0625,0.1052064881071206,89.46666666666667,40.525613299903725,0.3333333333333333,0.14433756729740643,15.0,2.142857142857143,0.07142857142857142,2.5,1.378404875209022,3.0,1.5811388300841898,3.6129032258064515,1.4983862286882446,0.16984533482253455,0.07844538137044721,0.220703125,0.1126554192641585,0.14285714285714285,0.21139607383954243,0.2394468069050579,0.20868430233084984,2.3218579864626365,8.744056841708749e-05,0.23474911421157926,0.1025265213226178,1.584962500721156,2.054824476525204,3.135483315163438,0.3380813195239266,0.7713371720203545,0.3380473604186219,2.0101725557722325,310.4283601048674,5.511790249925518,1.0986122886681096,-0.6078052843572066,0.0,0.41450829256985405,0.8123078814159431,9.303726781646574e-06,0.9999999999999998,0.0,0.2953584710656286,0.8446115288220551,0.3182269256625951,0.21095890223936792,0.041986777553556655,0.02118215280913818,0.0022065503952369927,0.0028772401055239707,0.21666666666666667,0.22546248764114474,0.0,0.0,0.7974904324584023,0.3259064925080794,0.008656130930003428,0.010755880941785506,0.014285714285714271,0.01428571428571429,0.02619047619047621,0.025084889887744637,0.8854421768707483,0.12857142857142856,0.29115054209590596,0.12634057863400727,0.06666666666666667,0.25003986922918264,0.014285714285714285,0.11894960649725157,0.21904761904761905,0.03333333333333333,0.009523809523809525,0.2857142857142857,0.20000000000000004,0.0020004001200400125,0.32,0.0784305821525441,87.975,8.093897961459998,0.5322775753686283,0.07567256783548137,53.625,8.06031019740983,0.6441030772320987,0.07268049966945002,2.0042731761932373
user-knowledge,0.5534756097560976,0.03268258554608851,0.6821951219512195,0.05476260063627982,0.9134146341463415,0.025595233977823612,0.8365243902439025,0.05147010096689342,0.7773170731707317,0.07030628534495248,0.3376219512195122,0.0439006040718608,0.35481707317073174,0.045003185454340254,0.01240694789081886,0.0,0.2,0.12833366911866967,80.6,5.0,0.0,0.0,5.0,403.0,5.0,,0.36159326094163347,0.4107146420263505,0.11190584477570434,0.05706776962076563,0.006439303636266577,0.003381733087463036,0.05795124146952583,0.01993527225733789,0.0,0.0,0.23263767801459453,0.0,0.0,0.3629999965429306,0.06320602223153675,-0.7838443453692824,0.46034119142962643,14.985563853932208,0.25500719982326026,0.052835515815789776,0.9639999985694885,0.03974922915377331,0.4108878406697755,0.05250506595557678,0.35400000810623167,0.06308723510730448,0.0,0.0,0.0,4.0,0.0,1.0,1.0290582969581166,0.9639999985694885,0.03974922915377331,14.888412450184486,0.23971042827399663,0.024752576790683455,1.1959982101069095,0.38955699828314916,0.28229779249984094,0.007790792491773413,0.0009262404019401592,0.3913481476375596,0.061859661823691764,0.057951241469525835,0.011774098238812853,0.057262557988246254,40.0,6.45,2.037469521559047,0.024390243902439025,0.05408035436055078,993.3460317460318,1056.5377632682757,0.19999999999999998,0.06073121755116454,40.0,8.0,0.0967741935483871,4.0,1.8856180831641267,8.0,4.898979485566356,5.654320987654321,2.4091517896718364,0.10070219175646461,0.12030580384976028,0.11042301829268293,0.09764755582487619,0.2,0.2923981293307775,0.028088714898437478,0.01140326823342346,2.803557470918021,0.0040648796468483695,0.08965628012004385,0.1219537148337362,2.0471020615246407,5.513845474113139,4.479393766810391,0.4736922994678832,0.3712657656322699,0.4698130297128436,6.551349277096773,36.42700557506655,0.7602172053917787,1.4189430222642563,-0.2666733252928244,0.0,0.02795846932717245,3.1188042259765276,4.362456750690738e-06,0.8816388698823795,0.09165367604528807,0.41595254409100724,0.9059170648000692,0.7697804384035276,0.3517434379400093,0.060509198114928074,0.09553320984518338,0.11925420689824254,0.1554273057412916,0.30120124391119607,0.32013859441516845,0.110321665793079,0.14714330211116314,0.8526694750737905,0.2700113275545505,0.016888090190481653,0.041133596353159024,0.03179367218334876,0.08743008772189267,0.03318785477057283,0.07363893324145332,0.9864231662038434,0.34739454094292804,0.4058617387509619,0.1119885885589948,0.20595533498759305,0.40490066098211747,0.3349875930521092,0.4725728113579319,0.6550868486352357,0.01240694789081886,0.01240694789081886,1.0,0.1428571428571429,0.01035919120609887,0.24489795918367346,0.019745567773791182,186.16377171215882,12.482257663802889,0.7013910567398344,0.08726123408768614,134.83126550868485,16.535439932691183,0.6897251515387227,0.0851912810008365,2.8772449493408203
PieChart3,0.875588438906196,0.004514419938604009,0.770595361716857,0.05484399557561499,0.8774316372447213,0.015087210154633069,0.20323641398407752,0.14175041931142035,0.8030806507442021,0.03702733538462821,0.875588438906196,0.004514419938604009,0.875588438906196,0.004514419938604009,0.034354688950789226,0.0,0.5,0.5311507762116221,29.10810810810811,37.0,0.0,0.0,2.0,1077.0,37.0,,0.47190457988394,,0.3839527957881522,0.3152406770368023,18439177.36276761,402976255.0900748,5028721438.34209,30588017735.344593,205.0358672442053,1055.480530562648,11913.302704011128,63.72805363581564,289.7137258687801,531.8867584377326,2863.5438719735002,175.58086647873466,191.64869991877396,0.28649452491230015,230.52508304290885,1215.0196489818798,367116.34559090715,2095785.9045683527,1405.3119785594865,7819.530034064195,191.6383741274476,977.3678503351229,2.753783749718521,6.502123121180184,0.33183183183183185,1.0,0.0,34.0,0.22269393251543793,367113.59180715744,2095780.2412138253,0.28649452491230015,12424.522698570298,70779.5970562507,1.2797696431373062,9.11034886705291,6.992256123563221,0.01679064741143633,0.02186484457664372,255.71865377827137,1329.812712857801,5028721438.342089,30489585855.10665,0.7773060674845621,102.0,8.931372549019608,2.918903238762598,0.009708737864077673,0.032109070248121555,22478.983682983675,46200.072218900284,0.5,0.06932419423397528,101.0,2.7027027027027026,0.09377901578458682,6.25,4.234776656841932,3.3225806451612905,1.7960530202677492,8.048309178743962,3.1756941815943844,0.06218098058864072,0.08339222344661179,0.050581828202351485,0.07167436823796894,0.02702702702702703,0.030553777707568987,0.10549581762310249,0.17886456574671006,2.8971432077260397,0.5530281207943233,0.00875255205382546,0.007422705034994999,0.541933067099493,12.30609320470075,3.3950384914214156,0.5387208951930067,0.04403778340411744,0.027853214819889328,64.78767103557631,0.08942071857538113,69577.42048230146,0.3756393775122172,0.011629768018788207,0.0,-0.22640360958054764,9.129413837623385,1.2882081800963919e-11,0.541933067099493,0.7214256976096913,0.4506482922493087,0.8331849105839226,0.9848085419329222,0.02570339291492585,0.2835909083895877,,8.918047660415636e-21,,0.7715877437325905,,0.5441039925719592,,0.6306257679700243,0.22749043310900063,0.10567869891568038,,0.12349117920148556,,0.13370473537604455,,0.9706283746677599,0.22469823584029713,0.3379293731496434,0.15746409070687248,0.14484679665738162,0.35210981162660787,0.181058495821727,0.3852455323310145,0.37697307335190344,0.034354688950789226,0.0009285051067780873,0.02702702702702703,0.1178343949044586,0.07568317640572682,0.20817936995052294,0.08789197730857214,423.52675255338903,61.30851012369758,0.2161485991405523,0.2485186977675587,89.73787140204271,104.41472542674113,0.9260266310866327,0.22168540389991703,23.0819673538208
vertebra-column,0.7741935483870968,0.030413194889743953,0.7064516129032259,0.07967154216276431,0.8064516129032258,0.09496517060567576,0.8354838709677418,0.0751919730625681,0.8354838709677418,0.0825229413090318,0.7741935483870968,0.030413194889743953,0.5709677419354838,0.10540925533894598,0.01935483870967742,0.0,0.3333333333333333,0.14545966944589983,51.666666666666664,6.0,0.0,0.0,3.0,310.0,6.0,,0.6045191991396707,0.21933884743464677,0.40516257766019786,0.26364554233716253,141.22605714947258,130.49733752611084,418.28838179915766,677.662050392381,,,65.33796624742574,,,22.948599393169086,10.136981858899901,6.979498984060335,14.829163904448945,1.617254663311009,15.64905554008484,5.315642966206336,168.00866635640463,128.2697847482697,52.856930785449926,35.6177339271818,49.50869115193685,38.43436677335615,17.66404962539673,29.19963832625571,0.4666666666666667,2.0,0.0,6.0,0.7789964542508967,150.3446167310079,138.29845532254217,1.3641513150402802,18.349736745461488,9.893970477300886,,1.1108583483142838,1.5872066416469581,0.00011772058697625047,0.00018241715972772764,50.77946895043163,37.2852343001113,418.28838179915755,494.1574148651706,0.3375497882782389,45.0,6.444444444444445,1.5159089016097893,0.02222222222222222,0.05816308927683322,794.4380952380953,460.9821313428967,0.3333333333333333,0.1457208560956,44.0,7.333333333333333,0.14193548387096774,5.5,3.3380918415851206,7.333333333333333,5.316640543300503,5.52808988764045,1.9193387097480965,0.14143861308581587,0.09052819711186003,0.1,0.09725913575925074,0.16666666666666666,0.2384654389359514,0.08208582128324518,0.055707795014569204,2.5848426410562118,0.00014618438748902703,0.08860213549849523,0.05468589716476721,1.4918603462795095,3.973898390366846,3.7012881679996408,0.26389421319043677,0.37541481933608023,0.2638802023909518,5.885297297606676,97.71044921150525,59.4037332010255,1.0340787928128257,-0.21190955141323733,0.0,0.10787777566704748,2.098532195070386,4.712672837328342e-07,0.9412590806411599,0.09293787344323656,0.37075341018477215,0.876417162543063,0.692378532905404,0.15491312699304957,0.18076090963337352,0.05668558428464828,0.015681718735877728,0.023910579040702852,0.4690079365079365,0.3278727979225112,0.25866666666666666,0.3084239506480217,0.7579597360890602,0.3087368331716472,0.04729683316235437,0.05755376447338492,0.07425793650793651,0.09333686850488296,0.06858333333333333,0.10856344151386013,0.9734547346514048,0.38064516129032255,0.42123887208121336,0.12092386108582967,0.23870967741935484,0.42698417041275327,0.15483870967741936,0.36233574310261096,0.5580645161290323,0.01935483870967742,0.012903225806451613,0.6666666666666666,0.16666666666666666,0.0021810432380090774,0.2777777777777778,0.035750102540550034,153.25967741935483,4.934062298896456,0.6047517612745709,0.11347149215590112,95.90483870967742,17.960723756862954,0.430458327059775,0.10765487915764163,2.812624216079712
heart-h,0.8060919540229884,0.04849445735465263,0.6395402298850574,0.014307151623300636,0.8267816091954023,0.039502826170985196,0.8162068965517241,0.04944295624065772,0.5887356321839081,0.07610318121615266,0.6596551724137931,0.05700049846584574,0.6395402298850574,0.014307151623300636,0.04421768707482993,0.0,0.5,0.1972202586982888,22.615384615384617,13.0,1.0,0.0,2.0,294.0,13.0,,0.7004221929121762,,,,6.4987244378033715,26.75783651306568,755.7825293567172,2417.85639236482,3.6270575612785647,13.077542016249234,42.934443874403456,3.571970656225341,12.87892335547322,11.461538461538462,22.677504950263618,,,0.9630601098032152,8.268346153846153,17.02798574957391,83.15384615384616,171.8152331982655,42.95193615908214,75.53445363943278,43.38461538461539,76.70999333152804,2.1538461538461537,7.765802747153208,0.038461538461538464,1.0,1.0,8.0,0.49059124832390183,81.0,172.2232078824841,0.9630601098032152,11.559933313852333,25.96143955428262,,,,0.2547431783532915,0.27074032098077355,43.32424373379945,76.76310809520515,755.7825293567164,2415.8418959769633,0.5094087516760981,51.0,6.549019607843137,1.6770655978845441,0.02,0.045740705560433484,1223.3269841269841,1371.0277930633172,0.5,0.028284271247461926,49.0,3.8461538461538463,0.17006802721088435,4.8,3.0840089349921005,4.0,2.486326242032244,5.650485436893204,2.032619954563026,0.10716989364624967,0.09649048355639674,0.09631587009803921,0.08078243074050802,0.07692307692307691,0.09585838804603478,0.07941828799698009,0.16962201955434164,1.334645917023749,0.9095761563893842,0.12581125699272672,0.16372534058154256,0.9431340036829803,9.856220329644131,2.182090703934012,0.9080206693638,0.09568921677271727,0.1131342421095078,12.94771492585025,13.248725626206186,114.5911065573045,0.6537306755430708,-0.03447634625843532,0.0,0.03655724451412221,3.4332740555600556,4.172446157519e-07,0.9431340036829803,0.14435379991412622,0.3166916471377349,0.8426319333194029,,,0.19435673526102706,,,,0.95578231292517,,0.8741496598639455,,0.7626457292677106,0.278202388878453,0.1283786734865059,,0.17006802721088432,,0.15646258503401356,,0.9566037299273451,0.3163265306122449,0.374347540807986,0.16364651349272755,0.22448979591836735,0.4179573008768625,0.12585034013605442,0.332246143257949,0.41156462585034015,0.04421768707482993,0.006802721088435374,0.15384615384615385,0.28888888888888886,0.25739885429043824,0.419672131147541,0.2110982364659861,103.35799319727892,14.196190088324554,0.4346083643867983,0.14009436111509652,45.98979591836735,15.526476136619255,0.9717534300220586,0.17379673815239635,4.306985855102539
wdbc,0.8893170426065163,0.027351316622284193,0.8489348370927319,0.03402543460277934,0.9560463659147869,0.027773871277620973,0.9367794486215537,0.029982874313937462,0.9156954887218045,0.03171387988991527,0.8647243107769423,0.04366273375408264,0.8875939849624059,0.051668159145326256,0.05272407732864675,0.0,0.5,0.18019417095263515,18.966666666666665,30.0,0.0,0.0,2.0,569.0,30.0,,0.8799571946211939,,0.3948966313367863,0.26380536551071754,676.465103582981,9367.754862755883,15063.218522868652,80983.16579032203,54.205967085512825,168.8528855356367,1009.1627871358113,48.40541221841233,148.47946847738177,35.21501314714551,120.48750595559342,7.698004049826048,12.717418731278531,3.4311444012651617,20.79786423771284,70.00093772611197,264.1855086663738,883.8964956358218,61.890712370002795,195.86138610675013,50.79936983120472,157.19118523028772,15.604080334684113,42.524969509167626,0.3333333333333333,1.0,0.0,29.0,0.7743246643656018,248.58142833168966,843.0459430357914,3.4311444012651617,34.9047185734453,119.67576517339893,,1.7312412287778958,1.2719951267862124,0.0002087540337474961,0.00015182160995835746,53.29460557355576,165.81689229836098,15063.21852286866,62593.54689257679,0.22567533563439823,22.0,4.954545454545454,1.2140947137789433,0.04545454545454544,0.12134757803349355,166.17142857142855,97.39510214382825,0.5,0.06428243465332248,21.0,0.7,0.03690685413005272,3.0,1.8257418583505538,1.6153846153846154,0.869718492622904,4.093023255813954,1.6302782918784449,0.15781536441923114,0.13498921418359391,0.18110795454545456,0.10590906115298802,0.03333333333333333,0.12702751182490937,0.14881316681514448,0.2018570624739175,2.999955970180525,4.8835063889264575e-05,0.05158464086252799,0.03583982015886094,0.9526351224018599,3.1052455419256693,3.6458085500942636,0.22568425948582174,0.306782542488121,0.22569828738894582,8.778770153770036,633.6311071240598,1030.1020737542262,0.6603163491952275,-0.49085237166782164,0.0,0.5136967691471245,0.7206452107551445,3.317101629934228e-08,0.9526351224018599,0.12195970834082581,0.40658381139437483,0.8167962078269264,0.715557312522634,0.21808649090926494,0.06401974780312954,,5.6831356666380127e-11,,0.4833040421792619,,0.0,,0.7101713625589045,0.25768661095438267,0.012467773210897204,,0.008787346221441172,,0.005272407732864637,,0.8890601400415739,0.07381370826010544,0.3610667808131912,0.07555721468358804,0.0492091388400703,0.2164947390331013,0.29876977152899825,0.45812142979426695,0.21616871704745166,0.05272407732864675,0.0017574692442882249,0.03333333333333333,0.12500000000000003,0.000979573464597616,0.21875,0.022978570378723934,219.27899824253075,35.85918820445068,0.42737414139211927,0.13447771601848474,84.26603690685413,30.972572964408485,0.9530173551628907,0.25966029514784067,10.737784147262573
thyroid-new,0.7722943722943723,0.05476565947883689,0.9114718614718615,0.07811190868849292,0.9114718614718615,0.08182244454208862,0.9677489177489178,0.03819799534919651,0.9398268398268399,0.061997025060549396,0.804978354978355,0.05165108721694009,0.7906926406926408,0.055250657873841987,0.023255813953488372,0.0,0.3333333333333333,0.3157428194483148,43.0,5.0,0.0,0.0,3.0,215.0,5.0,,0.7704264885602083,0.17009876515269567,0.4135896801999652,0.15460106609292337,15.707982645776752,11.178563044344154,59.8893005856718,79.44426136370754,,,22.73770596165749,,,4.760000061988831,5.66606121788893,13.952040496085075,14.353661480426585,4.57138540650742,3.4692841201829907,4.032562955944354,58.4,51.89879586177174,25.705860453275744,46.993205366700884,24.839999961853028,47.71816217648248,13.020000003278255,29.06109082414996,0.2,2.0,0.0,5.0,1.2160475384568976,45.37999999672174,27.722049197793623,3.8392045722817976,6.690168980810178,4.348985455522517,2.4861244521194874,2.623060230941949,2.386058660988974,0.011904148452345378,0.005343057343564255,24.93441860174486,47.758731266506054,59.88930058567181,67.19647198187764,0.1192978973302617,12.0,4.166666666666667,1.337115846843043,0.08333333333333331,0.18428829174954586,63.199999999999996,35.57813424511797,0.3333333333333333,0.14433756729740643,11.0,2.2,0.05116279069767442,1.8333333333333333,0.752772652709081,2.2,1.0954451150103321,3.391304347826087,1.6163688382741959,0.15936699691928946,0.12648818742533047,0.2526041666666667,0.14004510062238282,0.2,0.3123052587700401,0.09479531681323314,0.03646954556969552,2.3136652199356607,0.011215997756245235,0.19180776970840682,0.0801356747382998,1.1851490029117324,2.4868069927772054,3.0222396409220837,0.18688966914092248,0.47657458192530927,0.19350000957648233,3.854780988504896,68.80148020282316,32.72326922527024,0.8214826899116977,-0.5709073877566069,0.0,0.3835002850052279,1.244433352270102,4.494923185440839e-06,0.7477457683525577,0.4370001083775875,0.39887292420215426,0.830732449467507,0.5124959056448859,0.1488727638263808,0.04981132966774835,0.010698231050543761,0.0005063364329404978,0.00044254994316030185,0.13498498498498498,0.11845762062256372,0.0,0.0,0.5876613318471697,0.30233943920316336,0.002010291204582626,0.0017710832992680109,0.0073573573573573565,0.008503060141001698,0.0018018018018017834,0.003120812265889837,0.768415359653867,0.08837209302325581,0.24933466462299622,0.10370157619383737,0.027906976744186046,0.1650907162055632,0.027906976744186046,0.1650907162055632,0.11627906976744186,0.023255813953488372,0.013953488372093023,0.6,0.20000000000000004,0.021524718413821427,0.32,0.052217492627906696,104.46511627906976,5.970033568094321,0.4161085439319706,0.27026504676918084,47.74418604651163,25.444052169541443,0.34418615425276405,0.1774777800357206,3.0576515197753906
LED-display-domain-7digit,0.20400000000000001,0.012649110640673516,0.15000000000000002,0.03915780041490244,0.75,0.058309518948453,0.692,0.05593647190240808,0.634,0.058156875966838356,0.188,0.013984117975602027,0.20600000000000002,0.0211869981094276,0.014,0.0,0.1,0.011925695879998881,71.42857142857143,7.0,7.0,0.0,10.0,500.0,7.0,,0.6604668796586436,0.2035615728814864,0.16609306124554835,0.11208504162361455,0.03559786239144956,0.025312118804108708,0.21027540795877445,0.1191176846662689,0.0,0.0,1.38396870034112,0.0,0.0,0.8571428571428571,0.37796447300922725,-1.125711597259018,0.890515374085885,9.513242322470862,0.0,0.0,1.0,0.0,0.6565714285714286,0.1350393240786514,0.8571428571428571,0.37796447300922725,0.0,0.0,0.0,7.0,0.0,1.0,3.302139377606087,1.0,0.0,3.6757088770419597,0.4572941952931062,0.036746855579844355,,-0.7220590526428595,0.6437015236147848,0.498997995991984,1.199177923332954e-16,0.7566666666666667,0.2193002339091151,0.2102754079587747,0.032360661767231985,0.005497703800404888,71.0,6.380281690140845,0.7628180307835749,0.014084507042253525,0.019849250780299883,1001.7904761904759,336.51516931601486,0.1,0.01812230898180167,70.0,10.0,0.14,10.0,8.286535263104035,10.0,4.43471156521669,5.432624113475177,1.4847075928517135,0.2032696231896871,0.09788479484504628,0.08296654929577464,0.03951448766719754,0.14285714285714285,0.031182526079178048,0.03955166472358566,0.043906423431920256,0.8785894823665015,0.10123629349066146,0.5681657119102904,0.08097077633463282,3.3123077024871854,7.848075615368264,3.768843694950893,0.0417308352193486,0.422053489902793,0.10517043439913189,1.0817017354100247,74.30640040188227,1.7266061810987408,2.2959167451259828,-0.4613582749604457,0.0,0.2174787766656596,1.5978941072687227,0.0,0.9971039733174889,0.0015608448499618843,0.6767995352022078,0.954004008016032,0.4318341587381029,0.08097072128600412,0.05129734977451638,0.03564199560013335,1.0,0.0,1.0,0.0,1.0,0.0,0.9246509812525683,0.2298248918299934,0.035900172742604944,0.034625894406757556,0.039485309638786804,0.03834162223826361,0.03347978298784696,0.0370326952533838,0.995116,0.618,,,0.298,0.45783755903259166,0.58,0.494052807251113,0.056,0.014,0.014,1.0,0.5,0.20792602234744637,0.5,0.1179993873784383,135.84,14.472737569842517,0.6935270832644492,0.10762022754883845,115.596,12.779996699188247,1.0565909853472784,0.21509577354888326,6.5115065574646
ilpd-numeric,,,,,,,,,,,,,,,,,,,,,,,,,,,,,,,,,,,,,,,,,,,,,,,,,,,,,,,,,,,,,,,,,,,,,,,,,,,,,,,,,,,,,,,,,,,,,,,,,,,,,,,,,,,,,,,,,,,,,,,,,,,,,,,,,,,,,,,,,,,,,,,,,,,,,,,,,,,,,,,,,,,,,,0.1169583797454834
autoUniv-au1-1000,0.741,0.003162277660168382,0.68,0.10066445913694333,0.7299999999999999,0.015634719199411447,0.713,0.036530048514126626,0.673,0.0383115880351856,0.741,0.003162277660168382,0.741,0.003162277660168382,0.02,0.0,0.5,0.34082546853191587,50.0,20.0,20.0,0.0,2.0,1000.0,20.0,,0.30987394285585085,,0.03962641729842881,0.06030182809937569,0.009229403087297822,0.012962196231160301,0.23664914914914922,0.0750085367555428,0.0,0.0,0.34623249805005535,0.0,0.0,0.95,0.22360679774997902,-1.7216515800213137,0.5284566299955253,0.10622144083041932,0.0,0.0,1.0,0.0,0.4680000000000001,0.11499885582954841,0.55,0.5104177855340404,0.0,0.0,0.005263157894736842,1.0,0.0,1.0,0.09602186046103112,1.0,0.0,0.10622144083041932,0.4858075227371847,0.02595948262214397,1.0153044253897567,0.14937754385795804,0.5208832801367016,0.4994994994994995,0.0,0.44666666666666666,0.191664759715914,0.2366491491491492,0.024082327498004742,0.9039781395389689,281.0,9.338078291814947,1.8925441703446826,0.0035587188612099642,0.004538439449693677,34909.67201687202,43473.51810033369,0.5,0.12418721246645457,283.0,13.95,0.285,20.285714285714285,17.85595600451471,14.15,5.142956348249516,8.357522123893805,2.314685053930469,0.08825772784099781,0.0817444018389192,0.024490780300564237,0.03004138981862866,0.049999999999999996,0.016355327866546233,0.002930383422780924,0.009901393743555111,0.9592123537944506,0.07292952564119239,0.0051445631252922275,0.0075232116129703075,0.8252336065126468,220.29496779414856,1.7806999210090786,0.07520183199228578,0.003746039298018711,0.005515203169380912,255.06040873671037,4.879800681197965,3.0634252089482477,0.5720083476575564,-0.022273369681732647,0.0,0.005589221585007999,12.510966841893561,1.1953779139666305e-06,0.8252336065126468,0.3770501913457823,0.6655974511641856,0.8872712712712713,0.9948553915398619,0.007523215423264537,0.6441892626108852,,1.0,,1.0,,1.0,,0.4996389616147529,0.3109352318714239,0.20571882446384815,,0.259,,0.259,,0.997448,0.462,0.45216547341580143,0.11850904120810615,0.3,0.4584868702702512,0.26,0.4388537257362556,0.745,0.02,0.018,0.9,0.5,0.11805040209968552,0.5,0.04152050781445189,95.7833125,6.133661953621593,0.37608521201336564,0.21199128387865085,36.486125,20.315810609937863,2.700361441052334,0.07419997380030634,15.161532640457153
qsar-biodeg,0.7404043126684636,0.1001316529918959,0.6843486073674754,0.046372672782759965,0.8482300089847261,0.05790446268574821,0.7174213836477987,0.03804862485624769,0.7837286612758311,0.0576602048579154,0.6777268643306379,0.02853811512109265,0.6625696316262355,0.003660949683869525,0.03886255924170616,0.0,0.5,0.22989348430993914,25.73170731707317,41.0,3.0,0.0,2.0,1055.0,41.0,,0.7041822325896797,,0.16538572472191138,0.17898588084370995,0.47139390932122915,1.7805997826344129,7.936983712530466,27.91917157219569,,,5.792885087167481,,,1.4675585352247809,2.833466415913444,44.40592864447609,127.07516026417294,0.9836256333549849,0.6465510092907789,1.6251374753023293,16.562963433381988,26.35364871863148,2.683521575857284,6.006690391219276,2.2048853461335347,6.0638283764442,0.3683877936223658,1.4412860024354772,0.05975609756097561,1.0,0.0,41.0,0.4958726166949858,16.194575639759623,26.463568495541857,0.9836256333549849,1.5943960170833134,2.351543573819187,,3.7878442272468495,4.779485785098567,0.10363270828272975,0.14244531088754933,2.3591632810533563,5.98283851128453,7.936983712530466,25.308812854553622,0.5041273833050142,123.0,9.137096774193548,2.903137292120385,0.008196721311475412,0.022250132591747847,41661.410030492385,131640.41490565546,0.5,0.017246506858208492,121.0,2.951219512195122,0.11563981042654028,7.117647058823529,5.464457348872536,4.033333333333333,3.0792221737643906,8.148148148148149,3.177052708383311,0.05861326408312959,0.07884818407508204,0.043817163482914125,0.06279917910159538,0.024390243902439022,0.04507912087501627,0.044062575554960105,0.06873559391605007,1.9212987443485579,1.230539343046578,0.023724398633945258,0.018057750531616356,0.9223486063040568,13.698431907517794,2.7763149280416832,1.2028740578852042,0.0673324226109315,0.053274183544670124,27.534525713569565,24.874407502829616,21.784436177699323,0.6393233359530519,0.027854227821248263,0.0,0.006006431788813279,5.077923946037008,7.843848544818529e-11,0.9223486063040568,0.19119441866814457,0.4565594823922574,0.858712015611932,0.9521596151441917,0.048133188957057205,0.18548668866468218,,0.0,,0.9203791469194312,,0.6644549763033175,,0.7281634962395631,0.24744597778647634,0.08783361596549755,,0.1080568720379147,,0.1327014218009479,,0.9896300622178298,0.2729857819905213,0.35147863259077095,0.17748894154941677,0.16966824644549763,0.3755191016679583,0.46161137440758293,0.4987605707063992,0.37819905213270144,0.03886255924170616,0.006635071090047393,0.17073170731707318,0.16803278688524587,0.20800717766251775,0.2816803690984147,0.21669870145149184,385.7271327014218,75.85704655072202,0.4459669412668024,0.14220312215237393,174.82535545023697,69.19650515364467,1.0348485254826933,0.29414205192400467,23.692057847976685
Touch2,0.2753561253561253,0.058038794772716236,0.24544159544159547,0.11898742149325145,0.7123931623931623,0.09286722366453538,0.6183760683760683,0.07223235192411748,0.7206552706552707,0.07259663887886358,0.252991452991453,0.01988867918822307,0.17763532763532763,0.020545000434731276,0.03773584905660377,0.0,0.125,0.029537278072143035,26.5,10.0,1.0,0.0,8.0,265.0,10.0,,0.5123238963949656,0.30039846402578807,0.2891640925980091,0.242391523680026,27.116271693372042,46.42640652271803,163.2913191560314,334.226787369196,13.331606820210164,13.001581280377799,21.895874633390033,11.227299020686463,11.740108567056117,10.88355848789215,9.0631309628335,30.64089191542076,79.95462480764972,8.545892181535015,6.78804125334978,4.6700453455869795,67.91637878417968,54.07832932866013,15.887071933262755,14.673019619220133,13.18445644378662,12.002320507909308,3.387152484059334,3.321522443406481,0.2,7.0,0.0,10.0,2.378765846855552,64.52922630012036,51.08850599025554,5.124959622777468,9.817330130619537,8.622409321868554,,3.2302038601147465,4.536196824971237,0.05958685542646386,0.15496204058933255,13.86905267583499,12.732567606091166,163.29131915603136,288.58186279669604,0.01846982050155335,52.0,6.384615384615385,1.5358952955766088,0.019230769230769232,0.025100857463415036,1017.8285714285715,1103.612712464041,0.125,0.06581949753137879,51.0,5.1,0.19245283018867926,5.1,3.8137179293236207,6.375,3.0676887530703447,5.456310679611651,1.959275071166035,0.11818148786645247,0.11763763579065557,0.09874549278846154,0.0705168911318486,0.1,0.06465779789243935,0.07668685900375705,0.06499359573180774,2.316758855189293,0.8022486906679253,0.16471113689301792,0.08400068509243676,2.966970541263827,5.209116922423935,4.71415674422645,0.6447787059373007,0.5695726522266694,0.3055057582596222,3.067538787426377,10.39914376644035,50.92656926696823,2.0565472654814365,-0.10588086356985037,0.0,-0.06329474543950683,4.142351021415587,1.7296204728578066e-05,0.9889901804212757,0.00819792102995709,0.2053493799478333,0.9331618067467125,0.6808822595540286,0.23085769394828679,0.05275262891856645,0.04861033653277739,,,0.30009586941782374,0.2469176673293422,0.0,0.0,0.8994189346843221,0.2902887418618353,0.00947215241880355,0.025406451353082938,0.013234599931669517,0.027983885316696207,0.025227001256306107,0.03381629255938856,0.9773015307938768,0.3622641509433962,0.37636458333086165,0.13225944894664116,0.1811320754716981,0.38585629084798395,0.539622641509434,0.4993706731300807,0.6113207547169811,0.03773584905660377,0.01509433962264151,0.4,0.17857142857142858,0.11596662316153183,0.2948717948717949,0.11768091198781298,125.80283018867925,10.139412511998865,0.8603270826034004,0.029759516374840006,109.32735849056604,9.701842101121242,0.5676183537908981,0.1717374029567924,5.521505117416382
CPMP-2015-runtime-classification,0.4870101596516691,0.15124331736051846,0.30159651669085624,0.16001755803442205,0.5059869375907112,0.1490326919089187,0.5099419448476052,0.14527299790272438,0.3036647314949202,0.08224736933574979,0.5228592162554426,0.16112819808016643,0.5323657474600871,0.16237117322808753,0.04174573055028463,0.0,0.25,0.11809889565322589,23.954545454545453,22.0,1.0,0.0,4.0,527.0,22.0,,0.42983465603685955,0.1742322592041805,0.32195029084228266,0.2671441572285511,1.2763695307918785,5.611959801902955,13.133183948595537,49.11604117025723,3.577115547824978,6.4105741043602515,19.02078755747302,3.2153045593666874,5.739985248286597,2.932835502042012,5.293006414275151,0.012497533808954776,1.6862336131047542,0.8834245168316583,2.0855704377651216,3.9220137893431835,9.309808844869787,16.55826953422124,4.069849399226307,7.086169392741162,3.918864680962129,6.8167233126296845,1.4298402287743308,2.1694232993791824,0.24675324675324675,3.0,0.0,10.0,0.6149872548857614,7.879968616095456,14.65913912874959,0.6093354135061718,1.8089946006322928,3.214075403125716,,0.45986312921867856,0.740390217527024,0.07238462471331335,0.11263195800629436,3.8544615804192928,6.751144202257752,13.133183948595532,41.069140162765386,0.4818983740455335,180.0,10.594444444444445,3.4295743375178707,0.005555555555555555,0.007074461555977423,295289.75398045365,1119667.483457553,0.24999999999999997,0.03954473426678263,179.0,8.136363636363637,0.3396584440227704,8.95,7.272695873137959,8.523809523809524,7.685174348178755,9.62674094707521,3.659373548559871,0.050125123928882895,0.08464630209691523,0.028752591874864366,0.05804660324005949,0.04545454545454544,0.04024816318033459,0.18033257952589296,0.17212914254139738,2.2472865928395938,0.6520867004145519,0.08748032970712633,0.07138028479536133,1.8800596155195604,9.972057051769447,3.9388134306424476,0.6798012578651221,0.18853277771670607,0.09476970870083765,10.919872077715958,40.13277935434475,22.47734372268952,1.303158021781998,-0.18207834883449336,0.0,0.022106558144687323,7.8832020802341285,2.2464770599372773e-07,0.9400298077597802,0.07387957019248448,0.3510753290579419,0.9211838298424975,0.8532037672932969,0.10457763029882951,0.31768284219654247,0.1319143574982713,0.05028616667211269,0.019658879646352326,0.9292486165535019,0.02020651459583819,0.7075948740677614,0.05405822494517586,0.8051445142448433,0.29181450371462536,0.1437620144364258,0.03556776720499933,0.20833438034939236,0.06504105144634774,0.24199722680164473,0.09168460372149997,0.9958628735205902,0.7191650853889943,0.5162907645197969,0.1206017743398711,0.5654648956356736,0.49616679149462517,0.47058823529411764,0.4996084353597538,0.8709677419354839,0.04174573055028463,0.003795066413662239,0.09090909090909091,0.16923076923076924,0.13039152681514896,0.2825112107623318,0.13978431992159795,131.1043643263757,21.117570350170265,0.6624184469871663,0.14524915674366892,84.94900379506642,19.9614906605361,1.4255137332672065,0.2158775530494852,10.939330339431763
algerian_forest_fires,0.9715,0.03314250934865863,0.9798333333333333,0.028419802694339465,0.9218333333333334,0.06618553234172878,0.9339999999999999,0.05277602336265312,0.8644999999999999,0.10063701427395046,0.8025,0.08600620850400607,0.53,0.1698910326149175,0.053497942386831275,0.0,0.5,0.09020703792914801,18.692307692307693,13.0,0.0,0.0,2.0,243.0,13.0,,0.8439905576535647,,,,50.7081315868196,107.26475988398106,248.53573257828535,747.0539555234967,174.45234922718066,552.6137757225541,61.17591005040069,172.2465303012139,553.2565479490602,12.842307636371025,15.001108587277947,,,2.476085280383582,8.564866302715357,9.48461439816573,210.0153842339149,544.27906571559,178.16429249994897,551.5121974308651,176.44615393418533,552.0639797089115,161.9461538837506,555.9574348344604,0.3205128205128205,1.0,1.0,9.0,0.7123200614083751,48.06923035016427,55.544761013936295,2.476085280383582,10.266126680547929,12.452746960155535,,,,0.10959320998951338,0.2755793923491286,176.78477237019968,551.944264788085,248.53573257828532,614.0078751364169,0.2876799385916249,7.0,3.0,1.0954451150103321,0.14285714285714285,0.2309996727678597,26.8,12.985461956442759,0.5,0.0,5.0,0.46153846153846156,0.024691358024691357,1.2,0.4472135954999579,1.25,0.5,2.769230769230769,1.5358952955766088,0.2524478085859489,0.12362330601958614,0.3125,0.1288470508005519,0.07692307692307693,0.2580545967610194,0.1424100391332193,0.16058688454692416,2.2603644610521165,0.7328005982564445,0.13281525536560482,0.13020268546474745,0.9882282914687799,2.7141681339665213,2.8844928726713124,0.6671068829767136,0.3640998798495839,0.30786566732497794,5.20808900564843,96.5560144806896,77.15527053350078,0.6849876539811566,-0.22967973987441026,0.0,0.2372260437937145,1.2508687554982336,2.174945066512186e-06,0.9882282914687799,0.03202799533411094,0.41138765342221106,0.846546270788695,,,0.09103960955925003,,,,0.04526748971193416,,0.0,,0.716580249306806,0.29735559034656756,0.004009505561394011,,0.012345679012345734,,0.004115226337448541,,0.9263662382089451,0.1522633744855967,0.3209184504750982,0.1113305239462419,0.0823045267489712,0.27539535416402067,0.24279835390946503,0.4296591822477918,0.2674897119341564,0.053497942386831275,0.012345679012345678,0.23076923076923078,0.18840579710144928,0.11332347766204255,0.3076923076923077,0.11630882447733788,89.23045267489712,11.693088108151006,0.4431272877365761,0.07830295649328196,40.29320987654321,9.040602866585116,0.9515607490356144,0.14403249938161278,5.338635444641113
Creditability-German-Credit-Data,,,,,,,,,,,,,,,,,,,,,,,,,,,,,,,,,,,,,,,,,,,,,,,,,,,,,,,,,,,,,,,,,,,,,,,,,,,,,,,,,,,,,,,,,,,,,,,,,,,,,,,,,,,,,,,,,,,,,,,,,,,,,,,,,,,,,,,,,,,,,,,,,,,,,,,,,,,,,,,,,,,,,,0.1555495262145996
hayes-roth_clean,0.4375,0.05103103630798288,0.46875,0.09882117688026186,0.55625,0.09969571761671166,0.7,0.15252504348102605,0.75,0.09771699499632146,0.3375,0.06038073644245599,0.3375,0.06038073644245599,0.025,0.0,0.3333333333333333,0.12092309884109542,40.0,4.0,0.0,0.0,3.0,160.0,4.0,,0.38677474473674905,0.4822631979957122,0.03178967019476423,0.020363566493910412,0.02557651991614258,0.015269770206237076,0.8345911949685534,0.1076850049098088,1.7318971920289425,0.06340823486058811,1.8807450657524227,1.551335628695727,0.05262866043927805,2.0,0.0,-0.7845161210959383,0.47624615686677296,1.1282786465776837,1.4826,0.0,3.75,0.5,1.9375,0.07500000000000007,2.0,0.0,1.0,0.0,0.0,2.0,0.0,0.0,0.5317671984734063,2.75,0.5,1.1261799839522249,0.9124890720951268,0.05105406644631037,1.1094542356711175,0.563313552347617,0.15307869453783293,0.2662473794549266,0.0419287211740042,1.7942708333333335,0.05729166666666674,0.8345911949685536,0.09056603773584912,0.46934207831288643,25.0,7.56,2.5508168626278653,0.04,0.03197085261088085,1154.1968253968255,922.5932613794242,0.3333333333333333,0.24440403706431146,24.0,6.0,0.15,2.4,1.429840705968481,6.0,1.632993161855452,6.73469387755102,2.6439830291632735,0.08896948028320784,0.11979540816679059,0.088046875,0.14556888399583537,0.25000000000000006,0.16985685472970838,0.03606470903270312,0.03061526247163292,1.7374254111348286,0.12976730476468012,0.07713122140287906,0.04818810643310544,1.5154656357070957,7.288488955279127,3.044965145464324,0.006570812309562931,0.20792590137760014,0.13438287915441416,7.3559835480987426,13.00522883665936,2.7687883134378035,1.0504407326258585,-0.24194061450221757,0.0,0.011266478424201894,5.131464245164556,0.0,0.9561523600826898,0.05730769230769217,0.6941840139837915,0.9217767295597484,0.8648238582110296,0.08560438763822707,0.3131168596831313,0.29564958015123144,0.5308641975308642,0.40628352276307,0.9092470760233918,0.07859756915150816,0.3333333333333333,0.5773502691896258,0.8060054294815459,0.2535048977779534,0.11781220068040243,0.08187849152183205,0.23977203182374543,0.18915212206452553,0.1669956140350877,0.1444652472397748,0.9856640625,0.70625,,,0.25,0.4343722427630694,0.5,0.5015698625755192,0.275,0.025,0.025,1.0,0.26666666666666666,0.12572705224678846,0.39285714285714285,0.0968204172753709,63.828125,7.3935414776520325,0.5989424263923233,0.1008047428268796,39.39375,3.9778820492171802,0.7233660099081324,0.09999880701652937,2.490370750427246
German-Credit-Data-Creditability-2,0.7,0.0,0.606,0.05853773711604051,0.739,0.09073159439920706,0.7070000000000001,0.09452219022242579,0.607,0.0529255241930688,0.6950000000000001,0.02758824226207807,0.7,0.0,0.02,0.0,0.5,0.282842712474619,50.0,20.0,3.0,0.0,2.0,1000.0,20.0,,0.4872183606825404,,0.08084265534902027,0.08773502153404521,141.02632801749118,1547.1071425294213,398411.11446211237,1781692.7587416351,124.74045107642618,538.6836037109804,952.704257012363,94.2050741439744,403.7346827181552,132.6875,582.3471161183129,1.6815927779730486,5.39925686548773,0.31127202249318375,82.76614500000001,363.5225211839078,931.9,4117.268830311257,168.28225,730.4100864995654,120.225,517.7121857140722,14.4,55.60424065615291,0.005263157894736842,1.0,0.0,11.0,0.237381730986182,917.5,4061.799814964064,0.31127202249318375,143.10020691903836,630.7334454442205,1.0355741520441644,0.7255502486931924,1.4830221669329127,0.24926198090340174,0.14559980437192635,129.21041666666667,556.9324261064297,398411.1144621122,1781679.2836886488,0.762618269013818,196.0,10.206185567010309,3.647522103985831,0.00510204081632653,0.010377480348225797,483605.51202632935,2175162.405062848,0.5,0.03230437071410625,194.0,9.7,0.193,9.095238095238095,7.713006948685849,9.6,7.989466749875639,9.244215938303341,3.89084289951604,0.04653653578171432,0.08529248122088152,0.03158509854188899,0.045024704710534276,0.05,0.04488295619204715,0.014208240207920891,0.0304327884415105,1.5714262204099652,0.8449880908944575,0.00872600830452099,0.013443636677211214,0.8812908992306927,58.19256347119589,2.437572729246739,0.8384343643146694,0.01514439039391886,0.0211564356003196,102.7629234017212,24.483002340540782,3058.0729121653003,0.6108643020548935,-0.08448093105860202,0.0,0.11562489480374566,4.661371468305608,1.1229499506500834e-09,0.8812908992306927,0.27586206896551724,0.5689345532632486,0.8701241241241241,0.9821332103277003,0.02919160304514522,0.4033425101838585,,0.6619207603807451,,0.986,,0.976,,0.68639833381316,0.24143976800641706,0.14023763846464798,,0.23099999999999998,,0.20699999999999996,,0.994,0.435,0.44773822854102274,0.10791280813536668,0.307,0.46148018805140917,0.271,0.44469850096077085,0.713,0.02,0.001,0.05,0.24691358024691357,0.21679957319670076,0.3776474421635712,0.18251991955410107,202.74575,26.723681496291174,0.4113732777815741,0.1828687202161497,83.559125,38.63813707250012,1.7949987972027037,0.1757731773370415,18.52034831047058
Credit_Approval_Classification,0.7,0.0,0.5980000000000001,0.035213633723318025,0.727,0.04001388647846034,0.692,0.04341018825626587,0.6079999999999999,0.04131182235954578,0.698,0.006324555320336729,0.7,0.0,0.02,0.0,0.5,0.282842712474619,50.0,20.0,3.0,0.0,2.0,1000.0,20.0,,0.4184294394565717,,0.07142420836081116,0.07890981246903365,142.28811194879094,1547.6855077068053,398406.9012645648,1781673.984645103,123.62774303789286,538.9627136943494,952.6893881941675,93.18733632196815,404.0041877986534,132.9875,582.2764336895862,1.5579906743180003,5.579336806459745,0.21224345887167614,82.840275,363.50522409770826,931.3,4117.411183332505,167.9154,730.5004260091267,120.225,517.7128973465384,13.85,55.74592267365249,0.005263157894736842,1.0,0.0,10.0,0.1750831958039408,917.45,4061.811580213673,0.21224345887167614,143.10436256906866,630.728937256656,1.0328430685765617,-0.2437957602259707,1.6174704878612394,0.24926209865672716,0.1455995922440853,128.95633333333333,556.9916925828569,398406.9012645646,1781660.4974501883,0.8249168041960592,201.0,9.945812807881774,3.0993483352794504,0.004975124378109453,0.010727738723023262,200261.0237000701,721568.6601775553,0.5,0.038697386035084706,201.0,10.1,0.2,10.578947368421053,8.84003387043338,10.526315789473685,7.876606862889288,8.992592592592592,3.404633482904627,0.05522648594644593,0.07642024715000864,0.030149394068224675,0.04484344694818523,0.049999999999999996,0.04362391845779248,0.0938995155094818,0.18303090632818875,1.5419091126007596,0.9065207825978616,0.05718944053833315,0.15196900543412473,0.8812908992306927,61.84239616503304,2.4089494175162054,0.8993654969199896,0.014250594315247323,0.021233371224974436,107.19963564263455,24.482484642541277,3058.0514679487314,0.6108643020548935,-0.08448363474689256,0.0,0.11562974707477032,4.6614137143760965,1.0913111803118034e-09,0.8812908992306927,0.27586206896551724,0.5845835105061097,0.8768448448448448,0.9897045135986735,0.017486134952963084,0.4978318797592544,,0.6619207603807451,,0.986,,0.976,,0.6903592990880263,0.23663170989248122,0.1499699308816772,,0.266,,0.242,,0.995112,0.455,0.4503432195468962,0.1041908233059031,0.311,0.46313442270413624,0.284,0.4511624403111894,0.738,0.02,0.001,0.05,0.24390243902439024,0.22563390044719508,0.37503979624323464,0.1939562512440534,197.50825,23.70096854634922,0.41617447361167736,0.18528452075684565,82.07875,37.435578862256854,1.8308577293440158,0.1516436164166754,18.547905683517456
steel-plates-fault,0.6532725350251124,0.00225422655344102,0.6532725350251124,0.00225422655344102,0.6868807824477927,0.12372529326366871,0.49724292889241334,0.2426788842154619,0.5404678826328311,0.08193338572554397,0.6532725350251124,0.00225422655344102,0.6532725350251124,0.00225422655344102,0.017001545595054096,0.0,0.5,0.21675864750437704,58.81818181818182,33.0,8.0,0.0,2.0,1941.0,33.0,,0.9999999999999998,,0.2157596520127454,0.20547023243904572,5996916324.814476,137048379983.2106,198811235865.58148,1095919731362.8668,,,497143.84706389136,,,106068.81368484991,414379.4570352274,91.31013692863046,313.29814087428707,2251799813685247.0,74047.08329922069,293486.9864895925,1144061.2413727243,3659538.9038684643,106447.78586589204,399935.2547696128,73644.06049393862,291615.38346194953,454.47890000022016,1629.9727744070963,0.10416666666666667,1.0,0.0,21.0,0.9999999999999996,1143606.7624727243,3658170.631346831,2251799813685247.0,123291.9455607811,435141.5343324667,,3.640263500366892,7.81297732336966,0.13399899706888355,0.21782249054512026,77825.41635994775,306580.3414526847,198811235865.5816,762373032390.8323,4.4408920985006143e-16,7.0,3.857142857142857,1.9518001458970662,0.14285714285714285,0.11490875828592284,38.39999999999999,26.95609599165115,0.5,0.5050762722761053,6.0,0.18181818181818182,0.0030911901081916537,1.0,0.0,1.0,0.0,3.230769230769231,1.9644272343292228,0.1332356597885714,0.12749517640138822,0.28125,0.17860862707794006,0.030303030303030304,0.06784078825833988,0.07774538286578882,0.13922653080349986,2.688060623033002,1.3101709978131695,0.01739964389183353,0.03290621882671976,0.9311123348674443,18.077987518468458,3.5676676488102497,1.3102577080205329,0.051505309090197154,0.03481903549712377,51.18997168477554,16.69620304305868,2490595.408029656,0.6453978896979566,-0.007461674680848773,0.0,0.01809029129483466,7.003695032782309,1.140767954116253e-11,0.9311123348674443,0.17179399957200114,0.27762266858586515,0.882004705832364,0.9725381263746524,0.035262225421393636,0.41704441361239003,,0.0,,0.7928902627511591,,0.0,,0.8287473191954309,0.3522750037611456,0.0,,0.0,,0.05924781040700666,,0.9718522800778557,0.04533745492014426,0.25200108659188725,0.11810252955114099,0.00927357032457496,0.09587651995907395,0.0592478104070067,0.23614876252668277,0.28851107676455434,0.017001545595054096,0.0005151983513652757,0.030303030303030304,0.11224489795918367,0.1323740580382904,0.2007788836001731,0.15234594045830754,356.999195002576,31.812196795703862,0.4450631454086516,0.12582708161924355,155.0,51.93508758369462,1.908442261446585,0.13126429924377045,57.201048374176025
dataset_analcatdata_creditscore,,,,,,,,,,,,,,,,,,,,,,,,,,,,,,,,,,,,,,,,,,,,,,,,,,,,,,,,,,,,,,,,,,,,,,,,,,,,,,,,,,,,,,,,,,,,,,,,,,,,,,,,,,,,,,,,,,,,,,,,,,,,,,,,,,,,,,,,,,,,,,,,,,,,,,,,,,,,,,,,,,,,,,0.14232230186462402
total_score,0.5799687010954616,0.005840802683685804,0.4325899843505477,0.051731967663287255,0.5952660406885759,0.03305194328715663,0.575762910798122,0.021732121347696268,0.3685054773082942,0.05036025053075234,0.5799687010954616,0.005840802683685804,0.5313575899843505,0.16244221312397442,0.013908205841446454,0.0,0.25,0.23261344334797837,71.9,10.0,0.0,0.0,4.0,719.0,10.0,,0.28632906983327455,0.27644159682508407,0.06186808567703595,0.0800417038297552,112679872677.71701,507476072595.8846,6.930868495095634e+21,2.1917330607605757e+22,,,152447467425.8461,,,2299925147.2915983,7273001772.472174,136.98370270969943,146.268286082528,0.60847606287577,922780726.1460749,2918088771.2942243,360615537908.0853,1140366453541.5564,5468100884.776631,17291653116.405746,700357365.1514971,2214724308.1722617,1946866.302713091,6156785.844631264,0.0,3.0,0.0,8.0,0.3987929216051693,360613591041.7826,1140360296755.713,0.5733906679432944,26326542772.24757,83251837755.86945,,5.617635487052118,9.619808714882865,5.274452403491075e-06,6.196271523923952e-06,1041991795.4487331,3295067234.5886817,6.930868495095628e+21,2.1917330607605736e+22,0.6138808915793186,108.0,7.467889908256881,1.5727353344450643,0.009433962264150943,0.02395013331359854,3817.237518037519,5708.7597622044295,0.25,0.2324055629261321,108.0,10.8,0.1474269819193324,8.75,8.833047451062814,10.6,4.3256341860022225,6.44131455399061,1.9792752055407339,0.09511372766886697,0.09812596654735684,0.05757611711448598,0.04379422410060696,0.09999999999999999,0.057006631862867835,0.02538182048546472,0.051476801705038044,2.999990205162935,4.681111291435602e-16,0.01979653834202776,0.015513276299278147,1.5597094164371275,14.4529285881025,4.45178312516618,0.08521101367808208,0.10791649643388287,0.08521101367808209,26.799180887983486,7.159616837735263,171876446284.91345,1.0811081844961925,-0.08133159883702439,0.0,0.019945816386181266,6.638761965281871,4.596781457397252e-13,0.7798547082185637,0.29733192615307436,0.38398782443589086,0.908926433726818,0.9417528728724172,0.07891363413531294,0.8740603465669187,0.13080642703545808,0.0006569985244784584,0.0010339420062701395,0.6701365670212023,0.2784283632029754,0.3118899139508729,0.37888834835360174,0.7117537380942935,0.2976350408179335,0.13294797186932827,0.08050387429767919,0.18049402877019585,0.11232007812439991,0.17593044596167728,0.1164753234566446,0.9952665674973548,0.6147426981919333,0.4817470044237225,0.09457878789673067,0.44645340751043117,0.49747056041610394,0.46870653685674546,0.4993671441721596,0.8428372739916551,0.013908205841446454,0.0013908205841446453,0.1,0.125,0.0004628727249567773,0.21875,0.01318633727607982,352.2162726008345,17.742480246774992,0.5833722046549134,0.20610148572122486,206.3796940194715,72.14078326007417,0.4893598505554363,0.11344082818006894,11.932360410690308
heart-statlog-uci,0.7185185185185186,0.09594745297642196,0.3407407407407407,0.18043284845871715,0.8407407407407408,0.042944511434385386,0.8407407407407407,0.0429445114343854,0.5814814814814815,0.08562242412049235,0.625925925925926,0.06403112335748118,0.5777777777777777,0.04999618946004096,0.04814814814814815,0.0,0.5,0.07856742013183865,20.76923076923077,13.0,3.0,0.0,2.0,270.0,13.0,,0.738408931749481,,0.1575256398090815,0.12068846018488578,6.945217859557211,23.638082928483534,278.3801455719428,742.7174537134165,44.998661777784555,79.17267404290226,24.13772396775049,44.258075552895335,77.85016388827115,11.200000001833988,19.459016760750945,0.06803054856617491,1.873706523168476,1.1989995675047533,7.732329232128767,14.159521623586889,82.3999999853281,162.4527008160293,46.03603988581064,80.32965555964431,45.792307693224686,79.72856516001471,25.0,43.282020901678486,0.01282051282051282,1.0,0.0,7.0,0.5452477504874096,57.39999998532809,122.40525588508964,1.1989995675047533,8.43921680322033,14.980756960076096,1.0597356387540247,0.4222307664435934,0.8637179850646637,0.23480930043688855,0.19991442921684124,45.786372269957496,79.70482722399674,278.3801455719426,737.4492574687233,0.4547522495125904,46.0,6.086956521739131,1.3470310885882286,0.021739130434782608,0.041239806687629964,681.8158730158732,561.9297294362322,0.5,0.0,45.0,3.4615384615384617,0.16666666666666666,5.0,3.6742346141747673,3.75,2.3403573930647275,5.164835164835165,1.8090128447657503,0.1352309942769282,0.1257298765458822,0.10929008152173914,0.07180249555984582,0.07692307692307693,0.06973528616173176,0.03189501716113041,0.03714701763164208,1.6467194570283366,0.7676955376346029,0.08274641987316356,0.0817256493713008,0.9910760598382222,10.038572325929804,2.5390687230894944,0.7761574102782698,0.09872679377706486,0.06951440766503392,15.679559763145924,11.137445285215678,75.72778193472679,0.6869615765973234,-0.04758639996274215,0.0,0.050146591794829255,4.156427207762783,7.394145388445741e-07,0.9910760598382222,0.024390243902438935,0.44687978697513275,0.8616274266831887,0.884454234070261,0.08786212299908637,0.17185263939517711,,0.19590588033065173,,0.9851851851851852,,0.9074074074074074,,0.7198336825573356,0.3089604438650381,0.10460205703641456,,0.14814814814814814,,0.09629629629629632,,0.9673388203017833,0.34074074074074073,0.39445600261696434,0.1426206842253044,0.22592592592592592,0.41896721362315087,0.32222222222222224,0.4681954071552697,0.48518518518518516,0.04814814814814815,0.011111111111111112,0.23076923076923078,0.26,0.18156707377377537,0.3918799646954987,0.14514476481166327,63.43055555555556,5.555287064970228,0.4200693958279101,0.09911872425075136,29.078703703703702,5.090485620488736,1.4842203353408965,0.14606860820858078,6.000667572021484
mabbob_ela_as_5d_classify,0.6580357142857143,0.004312909745889698,0.5089285714285715,0.0394836284566119,0.6232142857142857,0.12813528317232062,0.3348214285714286,0.04150692166958736,0.49642857142857144,0.05054268979846139,0.6580357142857143,0.004312909745889698,0.6580357142857143,0.007350648235255015,0.04017857142857143,0.0,0.25,0.2825898734290135,24.88888888888889,45.0,0.0,0.0,4.0,1120.0,45.0,,0.35355010799592484,0.09513998650754994,0.44144164676831593,0.31693121607957825,446.1814853234381,13578.356022121563,757771.1853402336,3568454.4820226147,,,77.11289620880436,,,1.0432950340689988,3.853833518134777,52.42017684775769,188.2972098387006,0.4658614893261343,0.5669190234062154,1.7112648244291828,5784.631522804581,27208.91959546244,9.650652375353145,43.78224913727679,0.6131968485113855,1.9485977178404417,-0.3659038532352623,1.5650948322348093,0.44343434343434346,3.0,0.0,44.0,0.39309627065710384,5784.9974266578165,27208.615855605152,0.24605291494068776,183.7610866577068,860.498496864642,,2.3648130572704678,6.587226586621713,0.0010180795407341728,0.005860549050308091,0.6953635869457084,2.3673228274982083,757771.1853402335,3567291.7014793353,0.65233921957403,216.0,13.854545454545455,4.5976693790860645,0.0046296296296296285,0.009284155366959874,3602698.155096085,9850350.58705602,0.25,0.15867912074649754,218.0,4.7555555555555555,0.19553571428571428,9.347826086956522,5.7493770069790555,5.095238095238095,3.4273613815133306,12.872389791183295,4.8512720553156194,0.04024394358112978,0.08049009331836093,0.02068625004203231,0.06082469037480101,0.022222222222222227,0.019030274943495004,0.08869394654507079,0.08905011209177809,3.320961574701393,0.006098286133182217,0.005035117499626049,0.001957354902835024,1.319756114249264,39.19008749160388,4.607041925544106,0.012922420686518622,0.03367576340655043,0.011759736330932698,97.6157770087973,2.3097908108354903,928.9567675984486,0.9147852296186263,-0.04411908311458565,1.0,-0.7494639933613645,14.170430924587453,5.0365765317427134e-12,0.659878057124632,0.4289408247135412,0.39085843201097203,0.8971163666539002,0.9889717992299254,0.011770157549664359,0.24421430878694475,0.1485038734078717,3.5778770878458265e-08,5.71210318338816e-08,0.7284942356603098,0.24494237499116392,0.2060429088730976,0.24304609862061846,0.7314018915878712,0.2734035864777583,0.0805731579632691,0.07158632311562191,0.10439701979718101,0.09826068879975423,0.15770874757544553,0.11134047838418028,0.9970623405612244,0.5571428571428572,0.48096343170235656,0.08657524095067481,0.4017857142857143,0.4904780806583318,0.43392857142857144,0.49583674621489515,0.8669642857142857,0.04017857142857143,0.0017857142857142857,0.044444444444444446,0.1,0.003646210393556612,0.18,0.019240304895267412,350.24715401785716,78.52649353270772,0.5100919479129307,0.23510813961107713,179.17912946428572,94.7136864795828,1.2681307626497804,0.3754022323025451,46.25958466529846
hepatitis_c_virus_hcv_for_egyptian_patients,,,,,,,,,,,,,,,,,,,,,,,,,,,,,,,,,,,,,,,,,,,,,,,,,,,,,,,,,,,,,,,,,,,,,,,,,,,,,,,,,,,,,,,,,,,,,,,,,,,,,,,,,,,,,,,,,,,,,,,,,,,,,,,,,,,,,,,,,,,,,,,,,,,,,,,,,,,,,,,,,,,,,,0.19005203247070312
dataset_credit-g,0.7,0.0,0.619,0.05526702854726716,0.712,0.0393841479673118,0.7100000000000001,0.04216370213557838,0.607,0.039454615277134134,0.7,0.0,0.698,0.006324555320336729,0.02,0.0,0.5,0.282842712474619,50.0,20.0,3.0,0.0,2.0,1000.0,20.0,,0.4246425251402326,,0.07312931223869677,0.08092896133098403,141.0974175069807,1546.5427987878495,398406.89754204196,1781673.9638864687,123.62774303789286,538.9627136943494,952.689747214019,93.18733632196815,404.0041877986534,132.8375,582.3119770804271,1.5769722446431353,5.571317001962046,0.21999018453495353,82.840275,363.50522409770826,931.3,4117.411183332505,167.8896,730.5066490329916,119.975,517.7726709819566,13.85,55.74592267365249,0.005263157894736842,1.0,0.0,11.0,0.18032127415747307,917.45,4061.811580213673,0.21999018453495353,143.10568600736397,630.7286180737855,1.0340965506685473,-0.08076240261070647,1.6002495299092834,0.24926209865672716,0.1455995922440853,128.8706666666667,557.0122870003993,398406.8975420421,1781660.4983263747,0.8196787258425269,200.0,9.949238578680204,2.980799428610743,0.005,0.0100095431850744,85487.73173493173,157092.066310953,0.5,0.028284271247461926,199.0,9.95,0.199,11.705882352941176,7.77628370336976,9.8,8.445490855449059,9.087719298245615,3.354262953498064,0.06288691648944136,0.08025979380633314,0.0302252197265625,0.045981896576801455,0.05,0.04518011383172464,0.09396092908480401,0.18458792212254074,1.5362561099314946,0.9080355715870043,0.05718606048472965,0.1519700433115137,0.8812908992306927,62.42533265328255,2.4034294888900014,0.9009563710774794,0.014117520272186346,0.021139292305399196,107.81911839419506,24.482503781965125,3058.0485367411493,0.6108643020548935,-0.0844833734901749,0.0,0.11562958811814733,4.661415398281619,1.2966709065795264e-09,0.8812908992306927,0.27586206896551724,0.5798966362457559,0.8768368368368369,0.9879606380010569,0.021727339240622662,0.4888729551352681,,0.6619207603807451,,0.986,,0.976,,0.6878943680043512,0.23841317912062654,0.1529302260462312,,0.272,,0.269,,0.995073,0.443,0.45091990813753074,0.10413304017138952,0.309,0.46231237570795436,0.285,0.45164032036453405,0.729,0.02,0.001,0.05,0.24691358024691357,0.22544484899476322,0.37826370757180156,0.1920816758583419,194.836625,22.272868484546503,0.41546777358326026,0.18168929451306118,81.1885,37.00681952277433,1.8472457104726732,0.13836960548638336,19.494975090026855
divorce_prediction,,,,,,,,,,,,,,,,,,,,,,,,,,,,,,,,,,,,,,,,,,,,,,,,,,,,,,,,,,,,,,,,,,,,,,,,,,,,,,,,,,,,,,,,,,,,,,,,,,,,,,,,,,,,,,,,,,,,,,,,,,,,,,,,,,,,,,,,,,,,,,,,,,,,,,,,,,,,,,,,,,,,,,0.16495633125305176
mabbob_ela_as_2d_classify,0.5857142857142857,0.004610694459770718,0.4169642857142857,0.029175776031315406,0.5589285714285714,0.10405606373053408,0.13392857142857142,0.04037101180431707,0.4267857142857142,0.03029288249999873,0.5857142857142857,0.004610694459770718,0.5848214285714286,0.004705770327631501,0.04017857142857143,0.0,0.2,0.23207845947446484,24.88888888888889,45.0,0.0,0.0,5.0,1120.0,45.0,,0.32907274337861475,0.06267925725938643,0.38069796341341094,0.26999451536066493,91.17222299475465,2685.5874990596035,84858.07535939197,562109.5074938432,,,9.860800025676888,,,0.7363423088203288,1.0414270853274998,57.2513105287301,177.87631837405056,0.5083819254399266,0.4127376246097932,0.5186514559064929,1523.6170509070157,9369.57939565903,2.663515636896202,14.68145025503354,-0.003183618208600415,1.4182642905183054,-0.8030697355032442,2.3439472297122923,0.3434343434343434,4.0,0.0,36.0,0.44494154961067567,1524.4201206425191,9369.281251237102,0.2009842640550667,48.86426927432395,290.42156407248297,,2.804623547228137,6.603961558747657,0.0008675297089047621,0.005006308756466351,0.05254115310278767,1.4425531309669253,84858.07535939195,561820.6965606681,0.6218162284084965,274.0,11.661818181818182,3.6415831816685555,0.003663003663003662,0.00637929186386195,614738.4827932989,1700559.2469234087,0.2,0.14442819715080363,274.0,6.022222222222222,0.24375,14.421052631578947,9.100157443532284,6.066666666666666,3.420526275297414,10.694698354661792,3.835923943513288,0.05110040045946659,0.07981484214035324,0.021293772398120296,0.04402836300967009,0.022222222222222233,0.015618930417110438,0.05871658290950478,0.07622190831336631,3.3018584678644056,0.1136232264748592,0.005966346565381498,0.0031325332453513736,1.567950832019325,40.79705226498974,4.831376355713277,0.11505804441119188,0.03843294417045107,0.018078283791051815,84.9121917181411,2.1248523986301913,221.0912677580122,1.0868206984708155,-0.02863822580445048,0.0,-0.4238702569376997,18.052839709983623,5.537895593689117e-11,0.6752796675623958,0.34803146855355616,0.42228791827065915,0.9165294267841184,0.9882237996022079,0.00976365917760218,0.24278220906443085,0.21132758320079156,1.6738922080292907e-06,4.2115968510554e-06,0.5896365988570049,0.30233592303579304,0.16533088992614992,0.2744683694333759,0.7403438966694899,0.24213114099544747,0.06953488840317698,0.0762459590132506,0.09775570480478835,0.11175047815181588,0.12494283068304224,0.12509057609294702,0.9978531568877551,0.6616071428571428,0.4954748472321171,0.10174207500134438,0.50625,0.5001842823938868,0.5580357142857143,0.4968422885288895,0.9053571428571429,0.04017857142857143,0.0008928571428571428,0.022222222222222223,0.10044642857142858,0.01625009438440801,0.18071748878923766,0.024868326143231163,298.4294642857143,62.91801555863678,0.5843461504867246,0.20556326370199876,173.61422991071427,72.09050850265133,1.4637998698763206,0.3540483228835379,48.844762563705444
mental_health_detection,0.22962962962962957,0.0781784701184571,0.11481481481481481,0.08677176983113866,0.3055555555555556,0.09082678376272939,0.3277777777777778,0.08329903272132935,0.13333333333333333,0.08179885814062936,0.2851851851851852,0.02921520880543021,0.2796296296296296,0.026835882863313783,0.027777777777777776,0.0,0.1,0.11263021896747283,36.0,15.0,0.0,0.0,10.0,540.0,15.0,,0.27025745423361425,0.15717878040188707,0.5446646527575313,0.3739651408503694,2.4980491340355284,3.2904394113197064,1625.73410430839,6285.115847634255,15.567612514879322,51.0648692975932,220.54248329197193,7.0459449350476,19.79655328576416,21.633333333333333,68.57073164328376,-1.5664912648483673,0.09999441060865259,1.0482726589883533,14.727159999999994,51.29596030784491,41.333333333333336,137.95271791796048,20.748888888888892,69.09161065033507,19.9,69.32640189711277,1.0,0.0,0.4,9.0,0.0,0.0,0.854993176188504,40.333333333333336,137.95271791796048,0.38170546270520594,11.999170156486977,39.844618114765446,,0.27500166652023,0.08607520434019335,0.16301793444650584,0.047554062475068756,20.65802469135803,69.11679013901913,1625.73410430839,6285.09560438673,0.3893177685912133,373.0,25.613941018766756,16.140379429749995,0.0026809651474530827,0.0042401161099455,4.6838703798298273e+20,3.9209546119964446e+21,0.1,0.106551642395052,372.0,24.866666666666667,0.6888888888888889,5.095890410958904,3.8048375040555786,26.571428571428573,88.78644585201599,24.636241610738256,16.18460462030937,0.012805057045646558,0.0446850175013138,0.013775399122089875,0.043318719312654505,0.06666666666666667,0.18301317358538738,0.7338650854518767,0.16230969754708632,2.0205505118846414,0.2931995860613795,0.05349675231483037,0.009572232445852931,2.4392633620608213,12.595250878736506,4.2661485483759,0.28341277894556677,0.1936653255695623,0.013904983155426405,9.433207420803283,11.851642010770119,155.65322827340475,1.6907685220556312,-0.035026876574735216,5.0,-0.2359215876739061,39.526600880333966,,0.7342914393044772,0.1334037638393316,0.1662910449890167,0.9522435236720951,0.9539814333970383,0.035120241109370176,,,,,0.28433866678280323,0.40336243900946794,0.23095753491688503,0.3917536757181832,0.916114934548882,0.23619555725950978,0.06599927865277425,0.07621339771515734,0.11325976170074477,0.13837129504393847,0.14248420500553338,0.15161491239956795,0.9917832647462277,0.7870370370370371,0.5969890886976787,0.31134539714371895,0.725925925925926,0.4464600758484451,0.7796296296296297,0.41488073241116197,0.7703703703703704,0.027777777777777776,0.001851851851851852,0.06666666666666667,0.20270270270270271,0.11716518249233139,0.3240486465280502,0.17666595374189328,130.31550925925927,22.030893742127407,0.7754430914073761,0.07968864997063164,102.26666666666667,21.172209327796594,1.0587446352185443,0.2125410935187734,9.605301141738892
maternal_health_risk,0.5877305377596582,0.03167148463108176,0.5610172781984082,0.2300132959269877,0.6192486895748398,0.05714480527104268,0.5996408464375849,0.043692395488662626,0.8529994175888177,0.06932073884922069,0.5266453115899826,0.055728632710958285,0.46545331003688606,0.04269170268534186,0.005917159763313609,0.0,0.3333333333333333,0.06609702595706525,169.0,6.0,0.0,0.0,3.0,1014.0,6.0,,0.4717262135368844,0.315821933233567,0.2811348712182321,0.20930412827014053,32.29791509367375,55.228723203107386,131.8722572996206,200.80965725941218,65.75083824783361,40.34184601111258,24.911876522405155,64.55583704194727,40.41699761257937,12.68333331743876,10.592528834444387,1.676528765484776,3.4982820862608253,1.0003327503331034,8.796759976434707,6.830695062203051,90.33333333333333,46.0637239774062,66.87057035295372,40.13486160717938,67.91666666666667,42.97954940046099,40.0,38.704004960727254,0.06666666666666667,2.0,0.0,5.0,0.5447947345870802,50.333333333333336,35.16627171974116,0.9345690202236552,9.752952061812891,6.64098035349604,,0.5083424458569893,1.15966357402154,0.05859064466831373,0.036206234113451044,66.31908470555082,41.114178837185136,131.8722572996206,130.32421140770091,0.48501462554490327,162.0,10.925465838509316,3.171263145481339,0.006097560975609756,0.009966206222748646,129988.14009258713,259401.13311221122,0.3333333333333333,0.1335524092991316,163.0,26.833333333333332,0.15976331360946747,9.470588235294118,5.990801772914285,27.0,10.69579356569675,9.956656346749226,3.3986630495524004,0.05574423036356274,0.07110729824676269,0.026600281885065184,0.06643881896624852,0.16666666666666663,0.13392041804732302,0.09477773033105973,0.07998219591298286,2.4623160182674395,0.8715160099896275,0.04285762650890523,0.026299107144623947,1.565985004803205,8.087711355943805,3.834675788948962,0.8142294543876454,0.19362523412168198,0.12436209610113033,11.716916932015277,76.35443770610128,37.9616462049149,1.0854580908784939,-0.12275393413853733,0.0,0.006779050703203394,4.889184779501293,0.0,0.9880265331770836,0.019553501115105898,0.35780111280744653,0.9077281338652741,0.8578070183224007,0.13489221514430402,0.3412377139713086,0.22559994928821378,0.17399674828221878,0.17854846322593249,0.8694329851176614,0.11317692175896424,0.8079510465650407,0.13599791130359906,0.822997290722447,0.2796633901059075,0.13898307219593983,0.048256601905566285,0.20098593365893724,0.11773723653708458,0.18359768685502928,0.12074649007565477,0.9922825998155994,0.45759368836291914,,,0.16074950690335305,0.36748099369263193,0.4970414201183432,0.5002379732407556,0.1834319526627219,0.005917159763313609,0.0039447731755424065,0.6666666666666666,0.13636363636363635,0.1286906655962322,0.23959646910466584,0.14347543260273066,455.7233727810651,43.3372915075157,0.6292429431569412,0.07092140712516991,293.9447731755424,35.93929162387997,0.63587440174905,0.13278509134870886,13.125897884368896
German-Credit-Data-Creditability-Preprocessed-Dataset,0.7,0.0,0.6100000000000001,0.06377042156569664,0.728,0.07083627444874399,0.6930000000000001,0.0714998057495419,0.611,0.04677368680976281,0.7,0.0,0.7,0.0,0.033,0.0,0.5,0.282842712474619,30.303030303030305,33.0,20.0,0.0,2.0,1000.0,33.0,,0.516259039155671,,0.07548346060666276,0.08770650983653383,52.24287176191341,928.6730599033715,241461.07712597464,1387046.8475098666,75.3810585976393,419.7130749291339,952.7042681215678,56.885064233549265,314.6288848155398,80.47727272727273,453.52187948372966,11.09652843716057,26.200085575043143,0.3633700023673315,50.11637272727273,283.1155828955102,564.6666666666666,3206.111251058931,101.78236363636366,569.016779501153,72.65151515151516,403.3983856880907,8.636363636363637,43.45530619341712,0.011363636363636364,1.0,0.0,20.0,0.2665233955099366,556.030303030303,3162.769538759191,0.3633700023673315,86.74937546014485,491.168108901093,1.0416354125045573,2.0891109871097995,2.928155919402279,0.3801959852311898,0.16508132067253772,78.08464646464647,433.9490195721515,241461.07712597452,1387036.5751165885,0.7334766044900634,199.0,10.321782178217822,3.5267874395630803,0.00510204081632653,0.010060830159883316,291464.42315964046,1170943.729654416,0.5,0.09192388155425113,200.0,5.96969696969697,0.197,9.85,7.350438583405826,6.354838709677419,6.804647368266163,9.349875930521092,3.758131314841639,0.05163353654496893,0.09370537780140481,0.03138123914069936,0.043720605577778564,0.030303030303030304,0.04092729882560137,0.015274876880204472,0.0546834248181569,1.0406390945882165,0.8469161652005387,0.006639039261072203,0.01115034826759432,0.8812908992306927,93.17852853969175,1.912471903923711,0.8390253731007059,0.009458089895198168,0.017531454534490468,109.02634846138908,24.48302415563493,3058.0607740594496,0.6108643020548935,-0.0844807340457269,0.0,0.11562561150427193,4.661355688161311,1.0587273879780652e-09,0.8812908992306927,0.27586206896551724,0.5646725234413661,0.8770270270270271,0.9872965921352547,0.023663509679541898,0.36671455662895885,,0.6619207603807451,,0.986,,0.976,,0.7096320580632196,0.24182693251795245,0.1379769510855513,,0.22099999999999997,,0.16700000000000004,,0.995074,0.475,0.44776676842738633,0.1134898469901143,0.326,0.46898181621886353,0.239,0.42668613881993056,0.699,0.033,0.001,0.030303030303030304,0.33,0.30418853802644613,0.4479732553280401,0.23515421231352537,121.1735625,15.855906230281422,0.41299176207736493,0.1836790971673894,49.93,22.995763469809706,2.521420939827031,0.19124809584444838,22.076735258102417
vowel,0.16666666666666669,0.01859488386731862,0.23434343434343435,0.05729844413786572,0.48888888888888893,0.09585025373014457,0.5969696969696969,0.07640204735895395,0.6292929292929292,0.10022704332569321,0.10404040404040404,0.01720140036962263,0.09090909090909091,0.0,0.013131313131313131,0.0,0.09090909090909091,0.0,76.15384615384616,13.0,2.0,0.0,11.0,990.0,13.0,,0.3160719533128938,0.3168776661810431,0.20574393926432555,0.15742069210200402,0.1821445907815247,0.28574679047031726,1.880143384253069,5.203019776618108,,,1.0550142040391948,,,1.5382500068786054,1.9594993217465146,-0.7069529825233632,0.6533448414101297,6.7704108732816985,1.0184891676578385,1.5135075256206638,2.6343076870991635,3.659121729929361,0.5411432785092741,2.2507658836202427,0.5950769283450567,2.2536222152311187,-1.4974615436333876,1.3686482077846565,0.05128205128205128,10.0,1.0,5.0,1.9027178946293823,4.131769230732551,3.2621672253933323,3.5414200137826257,0.9472519421397383,1.0318730078015228,1.8126619297779833,0.04934900865056883,0.16855626045541544,0.0820771576540569,0.1861300783481981,0.5326670549975133,2.254739327693814,1.8801433842530704,5.05887941061333,0.038489213592612294,147.0,9.34013605442177,2.541428243253975,0.006802721088435374,0.010735780887187614,37033.938994339,87464.05636004197,0.09090909090909091,0.026394685333994417,146.0,11.23076923076923,0.14747474747474748,9.125,7.990619500389191,11.23076923076923,6.352871347585622,8.37542662116041,2.845750901020458,0.060381221430077875,0.06487291679782473,0.03395153227306548,0.06086286640158136,0.07692307692307693,0.07911876918149575,0.044061910364377635,0.07789705592054706,2.8307327037347907,0.8141110813887688,0.06046351111452045,0.06256960598443716,3.4594316186372978,10.31475382345329,5.954777586261006,0.7179058001746764,0.3353867361110815,0.31477440674918133,7.4402046919268745,8.127702193093043,6.356349803964644,2.3978952727983707,-0.041032883928016274,0.0,-0.0034361595803278303,11.050905287748305,3.6041629627865356e-06,1.0,0.0,0.211860920029739,0.9760782751682651,0.8106969909140296,0.22097489591051359,0.057798378390886536,0.04210777622851853,0.02277272615867173,0.026829824834589015,0.4620202020202021,0.2514402128822663,0.012525252525252524,0.04909117081429572,0.9694715874764572,0.14799789176802436,0.010280459259999647,0.02368376846713789,0.014444444444444442,0.03147421847954344,0.037575757575757575,0.04636986298636292,0.9943016018773595,0.2585858585858586,0.2365833325815935,0.09082441456071767,0.007070707070707071,0.08383204024230903,0.6858585858585858,0.4644076216335873,0.32727272727272727,0.013131313131313131,0.006060606060606061,0.46153846153846156,0.1262135922330097,0.07636403177864355,0.22245108135942326,0.08567057006774345,297.3151515151515,11.712908464551463,0.9027052948481783,0.0031113621251664656,270.02828282828284,10.92289546917593,1.1800488782625635,0.0680217569213127,34.76409363746643
CanadaFiresD,0.851744966442953,0.05132407450110858,0.6934004474272932,0.18487229312514872,0.864496644295302,0.07562212880221089,0.8335659955257271,0.11749137769964757,0.865923937360179,0.0801538108361393,0.7094362416107383,0.23959532310231796,0.6170425055928412,0.0795849961900005,0.03085177733065057,0.0,0.5,0.1493887565887072,32.41304347826087,46.0,0.0,0.0,2.0,1491.0,46.0,,0.810980743894493,,0.48112802213966105,0.3031433454976177,4315.518833912629,13951.705514221652,20408.456002007202,110771.3796701762,,,1241.569046193681,,,162.39500295111665,191.37921953383972,2.8411928013341163,20.85550997903978,1.921326631522406,111.64453403186731,122.73264730613703,410.18868952212125,459.0776940486811,131.56166966018466,89.97293738776706,117.60092031125627,75.41783643101105,-180.29905368970788,499.54563544723493,0.49855072463768113,1.0,0.0,18.0,0.6576897669676653,590.4877432118292,937.8900306559005,1.921326631522406,99.42182540577319,103.7189370054789,,0.3122370192879772,0.45451522070056255,0.00297065705530429,0.001608123566548861,123.3266098750215,81.92239281492962,20408.456002007195,49682.5457195586,0.34231023303233465,58.0,6.43859649122807,1.32311245418371,0.017241379310344827,0.052520747120717054,1004.736507936508,780.6858555761348,0.5,0.01240538212607982,56.0,1.2173913043478262,0.03755868544600939,6.222222222222222,4.711098008367523,1.7272727272727273,0.7190587281616534,5.504424778761062,1.8083333576079588,0.12309032695767487,0.08925283928444108,0.09155701754385964,0.06730904486268317,0.021739130434782605,0.07609310005690412,0.11235265232061428,0.09810653216534035,3.3699144439913704,0.09962088749871942,0.026426918874409563,0.015898289074023006,0.9675594819018213,4.911188133708723,4.140462641544132,0.15356920745345118,0.19701128434906054,0.11509132776393773,16.105184888905278,961.7928388347445,1498.3823767235426,0.6706611269042888,-0.4291891265139139,0.0,0.3306745561407853,1.0594017387332058,2.3410977966546566e-08,0.9675594819018213,0.08545385491834412,0.31035514641007733,0.8651587376608645,0.8941716452830674,0.15867147184596486,0.11070156049180799,,6.1205673561896524e-06,,0.8531187122736419,,0.29107981220657275,,0.8047651989689961,0.30499317992671604,0.045889349670878765,,0.06371562709590883,,0.13145539906103287,,0.9636405511090239,0.0670690811535882,0.2759331182490202,0.11795619286323714,0.042924211938296444,0.20275427392436554,0.22199865861837692,0.4157296843719464,0.18175720992622402,0.03085177733065057,0.0026827632461435278,0.08695652173913043,0.09349593495934959,0.025025242296685363,0.16951586202236565,0.03506620219126903,309.92628688799465,62.645167453813876,0.4616435182309185,0.08013928397155548,137.059041750503,42.47259038856698,1.7610892232573796,0.25557219407264137,42.05138683319092
one-hundred-plants-margin,0.013750000000000002,0.0026352313834736487,0.030624999999999996,0.00856450199628936,0.8012499999999999,0.01949893159466267,0.759375,0.03911454865733038,0.74875,0.029872413881558202,0.0125,0.0,0.014375000000000002,0.0030190368221227988,0.04,0.0,0.009999999999999998,1.7434626923745965e-18,25.0,64.0,0.0,0.0,100.0,1600.0,64.0,,0.4986826440408069,0.28708505556580516,0.2597764262269338,0.1827822816521043,8.269164098214681e-05,0.00010783505671597693,0.00036851804748036623,0.0011793070680447926,0.0,0.0,0.3552077703999558,0.0,0.0,0.018745523506368045,0.012145594703886185,10.493551245115832,24.670439849663406,130.71635049243594,0.011288724768311293,0.007926867321966983,0.11288468760903925,0.07139422395857686,0.015624954033939955,0.009271989936374821,0.01025390618997335,0.007681661680195313,0.0,0.0,0.10664682539682539,64.0,0.0,64.0,21.10812352106288,0.11288468760903925,0.07139422395857686,31.57238341789729,0.01683786914540644,0.009292657493907999,,2.2186062004295057,1.7807977909409813,0.026504409220693415,0.017064349499379676,0.011520964455083535,0.008009140698684936,0.0003685180474803664,0.0004574829743085497,6.354462673433317e-18,486.0,15.932098765432098,4.327033044424882,0.00205761316872428,0.0025081231251431364,78187168.62863062,628059687.9712793,0.009999999999999998,0.004769998866441338,485.0,7.578125,0.303125,17.962962962962962,15.415979425661597,7.698412698412699,3.8295747284948587,14.963954685890835,4.52253674071758,0.031020065198921934,0.07850702788245083,0.007474231100622028,0.041895691871427894,0.015625,0.010975953761942247,0.037983323048459555,0.03689100976790651,2.922863484144723,0.7746280644343414,0.2826381598899358,0.09218829702284788,6.643856189774723,5.4505237683717995,8.3477806375781,0.5262842964880261,1.218939036341346,0.3369759171147084,1.3978750347660684,67.29229220993409,0.20729256972014432,4.605170185988092,-0.16276543872325186,0.0,0.10313637379570072,2.173363023744056,0.00042061632243011165,1.0,-2.220446049250313e-16,0.007249023116532083,0.9907348342714196,0.24160479025691894,0.12935057149558551,0.004542996010427896,0.005278590424397841,,,0.01585858585858586,0.07034183613548553,0.0,0.0,0.8653550975981209,0.22666801720771995,0.0,0.0,0.0,0.0,0.0,0.0,0.99660859375,0.360625,0.4614555290273442,0.05265196351773062,0.218125,0.4131018549814539,0.4825,0.499849883656453,0.934375,0.04,0.01625,0.40625,0.10884353741496598,0.0918722686941616,0.1942122262161797,0.10479783357112604,369.57296875,47.67431502456931,0.988305200278881,0.0006985284300102305,362.67765625,47.36572451419376,1.6626494784627577,0.20265254674389613,259.14388155937195
one-hundred-plants-texture,0.014382861635220127,0.003013709437387666,0.033132861635220126,0.011414142728063521,0.762995283018868,0.025422199362027546,0.674811320754717,0.036304253446152894,0.7486124213836477,0.03905093171200633,0.013132861635220127,0.003546336796023915,0.011882861635220125,0.0035494143948607395,0.04002501563477173,0.0,0.01,6.253908692933072e-05,24.984375,64.0,0.0,0.0,100.0,1599.0,64.0,,0.5652391437330898,0.26142793414188076,0.1601680669574352,0.13532039651959155,0.00011793725480633125,0.00015853286252419006,0.0009439440235714438,0.0019506289275521339,0.0,0.0,0.1314572117907761,0.0,0.0,0.018089179775415687,0.010815319765306492,15.615852209574545,17.92798939433719,91.73055776383322,0.007714315282546158,0.006324445835463261,0.23623693804256618,0.14777899515549547,0.015625021979771538,0.006912473266962899,0.0054931406120886095,0.0046833905174240905,0.0,0.0,0.03125,64.0,0.0,64.0,24.753406114150028,0.23623693804256618,0.14777899515549547,11.186696034809485,0.026961524917853294,0.014848062591391733,,3.137121294658761,1.4526321992521216,0.009253128476003899,0.0030437236586642645,0.0075027059442907,0.005049505541559412,0.0009439440235714438,0.0011432723835236075,9.710468429863575e-19,489.0,21.903688524590162,8.313724503150368,0.0020533880903490756,0.0024404815632959233,1446627283255.91,13526187894401.488,0.01,0.005026830895181844,487.0,7.625,0.30456535334584117,11.325581395348838,8.219375860421746,7.59375,3.3792962073696438,20.96622313203685,8.4120257742348,0.019697330128485346,0.06782880085634649,0.007355417638276698,0.04217449131278636,0.015624999999999998,0.008065947172852592,0.043954444842246136,0.04486768916354575,2.6839240641337323,0.7566730122868178,0.31854375074661323,0.10211917071925658,6.6438276700506105,6.0613020976685155,8.231646052105543,0.542657223604228,1.0961056820788002,0.23964151424643332,1.448599718088846,28.17194403459471,0.3280305386507516,4.605150417621731,-0.11618487772130705,0.0,0.03926527313354438,2.325522564583958,0.00016298468893034595,0.9999957073537866,3.9481980640410086e-07,0.0377625528978518,0.9914934318304385,0.3394666811168453,0.08325012320641481,0.0034983247911599914,0.004043258685842307,,,0.014802256435320953,0.06247373845424845,0.0,0.0,0.6798001336622864,0.4666989053414343,0.0,0.0,0.0,0.0,1.893939393939394e-05,0.0009931099198758342,0.9966336840450234,0.37210756722951843,0.4316107865998924,0.0748633181120839,0.16948092557848654,0.37529351814425893,0.4984365228267667,0.50015397585781,0.8273921200750469,0.04002501563477173,0.01876172607879925,0.46875,0.11895910780669143,0.11643019915107294,0.20984800039352652,0.13060395193714897,449.7639149468418,47.485262413955056,0.9892598152012784,0.0005064749492593141,443.03189493433393,47.13163455658192,1.3363994800326515,0.17533044406627454,270.81389451026917
one-hundred-plants-shape,0.0125,0.0,0.058124999999999996,0.01999348852335013,0.518125,0.04001410341644834,0.533125,0.040295135148882,0.6462499999999999,0.021889875894272822,0.011875,0.001976423537605237,0.013125000000000001,0.0019764235376052365,0.04,0.0,0.009999999999999998,1.7434626923745965e-18,25.0,64.0,0.0,0.0,100.0,1600.0,64.0,,0.32258869696548875,0.24716734993021464,0.7019373185995724,0.2210146358006993,6.016691143781974e-08,2.663444264222995e-08,8.746533405710551e-08,5.271262250595018e-07,0.0005413601539015615,7.293466369099111e-05,0.0018270245207846663,0.00047896236949269744,7.69048249352115e-05,0.00031762890523623355,4.2706339650822164e-05,3.779251156550595,2.450510866420818,46.78039711383791,0.00022770650973184275,3.205002648813781e-05,0.0022563281272596214,0.00027640699615063153,0.000604693281234212,6.155930250753799e-05,0.0005607578141280101,9.573214203056038e-05,7.465625009217547e-05,3.704875350114173e-05,0.7911706349206349,64.0,0.0,64.0,10.508838943139168,0.002181671877167446,0.0002744797704641152,20.935745878154876,0.00029219977467400944,4.6018637908843694e-05,,1.3883295007971894,0.7061943861172396,0.0006989677122447812,4.545134323952278e-05,0.0005656886067995971,8.838304116469211e-05,8.74653340571055e-08,2.8279471319728305e-08,3.8568013780426616e-08,515.0,13.05232558139535,3.804848008472524,0.001937984496124031,0.0022957788423458927,3376460.546545027,9350866.927899571,0.01,0.00494835261340663,516.0,8.046875,0.321875,23.363636363636363,17.044885993403962,8.03125,2.62448029624854,12.05819592628516,4.03004592284212,0.04566657843468376,0.05880375670748226,0.0118832505026529,0.03229908962039538,0.015625,0.009645253393190318,0.15304564594688688,0.0864265256092751,3.4593190620865943,8.004041987276706e-05,0.3564843686205252,0.022690459978279724,6.643856189774723,3.550087230861953,8.231712451731301,0.06926775776958327,1.8714628001300153,0.06926962910547174,0.8484572933249149,107.1503242559439,0.002777125041091171,4.605170185988092,-0.09635202667160361,0.0,-0.014662784663530319,3.0832463967253085,5.02267612985291e-05,1.0,-2.220446049250313e-16,0.04442772718395327,0.9916338336460288,0.13393595431258093,0.03372352009460757,0.0037153825511022248,0.006756705173361225,8.490103177262828e-13,3.477218335733179e-11,0.038724747474747474,0.12047823683263266,0.0,0.0,0.7100003109238677,0.45390343267294564,1.1908817771126576e-05,0.0003864385086870383,5.681818181818182e-05,0.0016006245236478468,0.0014015151515151514,0.012149398052257617,0.99779609375,0.5925,0.45393693888014935,0.11643683973339984,0.35125,0.4775101543079131,0.679375,0.4668627580957926,0.761875,0.04,0.001875,0.046875,0.09090909090909091,0.0011365050668486773,0.1652892561983471,0.02020227429718825,545.153583984375,119.24211986174964,0.9884695320280373,0.002167438742559437,537.890458984375,118.7027813240101,1.1583733790231618,0.45860065188992627,280.3168590068817
